,Q_id,Id,CreationDate,ParentId
0,25294114,25296227,2014-08-13 19:01:18.400,26603499
1,27111552,27123589,2014-11-24 18:20:03.207,26851120
2,27592559,27744734,2014-12-21 18:44:10.483,27189089
3,29760894,43556756,2015-04-21 00:41:29.093,29321647
4,30824105,30899465,2015-06-13 22:15:37.447,29632074
5,31185267,31217269,2015-07-02 12:54:58.823,29680723
6,31820641,0,2015-08-04 22:44:49.293,29722755
7,32217190,0,2015-08-26 02:46:10.103,30780057
8,32381629,32383100,2015-09-03 17:05:53.387,30835213
9,32385219,32386750,2015-09-03 20:53:03.690,31041331
10,32638562,0,2015-09-17 19:32:37.083,31169760
11,32643854,32645470,2015-09-18 04:24:38.310,31342153
12,33272967,33273459,2015-10-22 03:35:49.653,31374451
13,33381663,33383633,2015-10-28 01:59:53.077,31584310
14,33731430,33762207,2015-11-16 08:53:21.530,31611527
15,33766642,0,2015-11-17 20:45:12.840,32050882
16,34051368,34051774,2015-12-02 19:31:20.507,32058299
17,34107697,0,2015-12-05 16:15:25.053,32238041
18,34409057,34410298,2015-12-22 05:32:18.417,32242072
19,34409426,0,2015-12-22 06:04:51.373,32314010
20,34435926,34435927,2015-12-23 12:39:32.480,32346637
21,34692037,34745036,2016-01-09 09:55:10.290,32891778
22,34700844,0,2016-01-10 00:59:56.000,33236503
23,34710180,34711692,2016-01-10 20:01:50.140,33349452
24,34868496,0,2016-01-19 04:25:29.823,33425276
25,35016229,0,2016-01-26 14:29:58.403,33437271
26,35062852,35064297,2016-01-28 13:28:39.440,33500823
27,35420048,35712119,2016-02-15 22:11:42.637,33529503
28,35424009,0,2016-02-16 04:50:51.390,33630754
29,35542933,0,2016-02-21 22:27:52.933,33649761
30,35766180,0,2016-03-03 07:52:13.230,33711512
31,35921516,35944180,2016-03-10 16:04:39.987,33732066
32,35932000,35932149,2016-03-11 04:05:53.187,33744952
33,36373155,0,2016-04-02 12:19:31.213,33793504
34,36473834,36474148,2016-04-07 10:44:53.087,33820139
35,36625946,36812834,2016-04-14 14:18:11.563,33946623
36,36783556,36892798,2016-04-22 02:08:10.023,33969292
37,36949140,0,2016-04-29 23:48:58.963,34018271
38,37157305,37170844,2016-05-11 08:41:46.387,34097168
39,37171767,0,2016-05-11 19:32:20.200,34114659
40,37229560,0,2016-05-14 17:09:03.003,34114935
41,37618008,37878472,2016-06-03 15:17:07.653,34115533
42,38006903,0,2016-06-24 06:29:28.803,34150033
43,38053561,38221922,2016-06-27 12:06:50.507,34159119
44,38116731,0,2016-06-30 07:36:51.767,34230275
45,38155586,0,2016-07-02 01:15:24.170,34240512
46,38190515,0,2016-07-04 18:31:02.050,34297788
47,38199928,38205378,2016-07-05 09:34:04.480,34312259
48,38280921,0,2016-07-09 10:37:33.410,34354131
49,38305103,38305988,2016-07-11 10:52:31.880,34360579
50,38319676,38320059,2016-07-12 03:43:21.127,34427663
51,38412314,0,2016-07-16 14:47:32.317,34456753
52,38419871,0,2016-07-17 09:39:17.063,34479372
53,38434549,0,2016-07-18 10:36:04.167,34521426
54,38443046,0,2016-07-18 17:52:23.317,34558246
55,38489341,0,2016-07-20 19:33:48.687,34581116
56,38511869,0,2016-07-21 18:32:30.680,34607345
57,38519226,0,2016-07-22 06:01:39.773,34742214
58,38697399,0,2016-08-01 11:13:16.567,34746304
59,38739001,0,2016-08-03 09:00:12.207,34747717
60,38857358,38877389,2016-08-09 17:49:53.690,34823654
61,38959329,0,2016-08-15 16:47:41.840,34872856
62,39019545,0,2016-08-18 13:30:33.430,34965621
63,39407600,0,2016-09-09 08:54:12.237,35019009
64,39424994,0,2016-09-10 10:10:23.140,35030382
65,39431623,39434636,2016-09-10 23:54:16.557,35048136
66,39553079,39554555,2016-09-18 00:51:55.677,35054082
67,39664716,39852318,2016-09-23 15:40:22.307,35060512
68,39678499,0,2016-09-24 16:25:14.697,35076657
69,39853565,39998798,2016-10-04 13:24:38.460,35122717
70,39854207,0,2016-10-04 13:55:54.240,35125433
71,39950763,39954717,2016-10-10 03:05:52.343,35126893
72,40071845,40073067,2016-10-16 15:12:36.893,35131367
73,40136497,0,2016-10-19 16:04:21.093,35254096
74,40206772,40214420,2016-10-23 19:08:36.050,35273956
75,40364975,0,2016-11-01 17:06:23.727,35305772
76,40440879,0,2016-11-05 16:59:06.577,35324660
77,40461959,40463058,2016-11-07 09:39:11.237,35533099
78,40550905,0,2016-11-11 15:16:02.143,35534537
79,40565029,40572930,2016-11-12 16:31:17.943,35586952
80,40567635,40567678,2016-11-12 21:03:50.617,35661976
81,40587029,0,2016-11-14 10:54:31.730,35709615
82,40752277,0,2016-11-22 21:49:30.550,35711406
83,40752594,0,2016-11-22 22:12:24.540,35753144
84,40903366,69965620,2016-12-01 05:41:23.520,35757799
85,41027215,0,2016-12-07 20:56:04.473,35792879
86,41040639,0,2016-12-08 13:26:42.623,35810172
87,41062127,0,2016-12-09 13:59:38.393,35820607
88,41104310,41139582,2016-12-12 15:36:26.593,35875467
89,41129352,0,2016-12-13 19:47:11.800,35978599
90,41186755,41245371,2016-12-16 14:40:01.477,35989956
91,41348663,0,2016-12-27 16:25:47.393,36088572
92,41535773,0,2017-01-08 17:45:15.530,36194069
93,41555752,0,2017-01-09 19:47:29.763,36250125
94,41692545,0,2017-01-17 08:45:41.077,36380468
95,41785777,41786585,2017-01-21 23:40:30.840,36436804
96,41786950,0,2017-01-22 03:16:57.980,36461392
97,41813873,42286957,2017-01-23 19:13:04.410,36477555
98,41833474,41863335,2017-01-24 16:33:28.127,36507147
99,41855451,0,2017-01-25 15:30:46.930,36512867
100,41878057,41895097,2017-01-26 16:18:48.107,36559850
101,41879823,42020794,2017-01-26 17:52:18.253,36595268
102,41904170,41959803,2017-01-27 22:37:34.283,36724785
103,42036654,0,2017-02-04 04:59:49.530,36771499
104,42109785,0,2017-02-08 09:53:30.767,36802615
105,42119878,0,2017-02-08 17:33:00.583,36809425
106,42122635,0,2017-02-08 20:06:38.823,36814412
107,42141313,51599976,2017-02-09 15:59:02.547,36849895
108,42196583,0,2017-02-13 04:13:37.507,36938245
109,42264235,42264760,2017-02-16 03:22:04.217,36945764
110,42276468,42302282,2017-02-16 14:16:57.113,36970943
111,42291958,0,2017-02-17 07:31:13.690,36993897
112,42319642,0,2017-02-18 19:21:10.427,37008677
113,42464200,42464222,2017-02-26 02:51:45.523,37021225
114,42467738,42468046,2017-02-26 11:12:09.083,37022679
115,42481240,0,2017-02-27 08:46:06.087,37056891
116,42501451,58988860,2017-02-28 06:11:31.163,37290049
117,42513981,0,2017-02-28 16:28:06.767,37323199
118,42522054,0,2017-03-01 02:20:58.287,37337146
119,42539339,0,2017-03-01 18:31:39.480,37467764
120,42608207,42623739,2017-03-05 12:11:39.193,37473087
121,42621758,0,2017-03-06 09:20:50.203,37493331
122,42664804,0,2017-03-08 06:53:14.667,37669330
123,42670393,0,2017-03-08 11:41:14.737,37701399
124,42671982,42674715,2017-03-08 12:55:56.413,37722149
125,42710170,0,2017-03-10 04:19:48.203,37732167
126,42729831,42735556,2017-03-11 00:18:26.280,37735045
127,42753617,0,2017-03-12 21:49:07.857,37769228
128,42847617,0,2017-03-17 01:23:19.450,37821141
129,42985857,0,2017-03-23 19:58:03.217,37865451
130,43129451,43183468,2017-03-30 22:31:44.207,37883700
131,43153965,0,2017-04-01 07:17:24.097,37903292
132,43160539,0,2017-04-01 18:31:29.473,37904054
133,43234536,43980985,2017-04-05 14:45:23.403,37906791
134,43252641,0,2017-04-06 10:33:43.310,38084296
135,43461280,0,2017-04-17 23:39:24.370,38108468
136,43464130,0,2017-04-18 05:17:56.353,38162527
137,43580707,0,2017-04-24 05:56:07.010,38273528
138,43635703,0,2017-04-26 13:30:51.987,38323439
139,43672219,0,2017-04-28 04:54:31.007,38348095
140,43855700,0,2017-05-08 19:20:27.550,38359487
141,43881786,0,2017-05-10 00:25:43.717,38359855
142,43905798,43906017,2017-05-11 02:59:36.530,38369092
143,43961114,0,2017-05-14 06:43:08.017,38379019
144,44002709,47962788,2017-05-16 13:21:21.153,38397231
145,44100695,44100742,2017-05-21 19:00:42.650,38417126
146,44114906,44115285,2017-05-22 14:02:58.763,38454148
147,44299612,0,2017-06-01 06:03:20.197,38550152
148,44318353,0,2017-06-01 23:00:37.833,38557544
149,44375536,0,2017-06-05 18:36:56.583,38583943
150,44392802,0,2017-06-06 14:29:36.313,38604346
151,44416051,0,2017-06-07 14:51:37.587,38610824
152,44456164,44458372,2017-06-09 11:04:03.960,38612185
153,44487329,0,2017-06-11 18:34:32.900,38641667
154,44528818,44530255,2017-06-13 18:20:31.997,38653139
155,44536927,0,2017-06-14 06:19:52.537,38669089
156,44591514,0,2017-06-16 14:14:55.447,38687014
157,44601383,0,2017-06-17 06:06:37.937,38692795
158,44697125,0,2017-06-22 10:44:16.437,38743111
159,44859444,44859660,2017-07-01 09:36:09.597,38788166
160,44885579,45042409,2017-07-03 12:26:14.273,38796673
161,44970329,44971532,2017-07-07 12:04:15.430,38799364
162,45019611,45019635,2017-07-10 18:49:21.720,38816010
163,45162697,0,2017-07-18 09:27:08.267,38835669
164,45178131,0,2017-07-18 22:26:32.823,38845221
165,45243036,0,2017-07-21 17:02:38.587,38861249
166,45275499,0,2017-07-24 08:19:06.360,38879872
167,45288702,0,2017-07-24 19:35:59.067,38888612
168,45295684,0,2017-07-25 06:40:02.800,38906885
169,45330552,45331045,2017-07-26 14:54:06.420,38953126
170,45471340,0,2017-08-02 21:31:27.990,38966592
171,45597301,0,2017-08-09 17:38:51.530,39023078
172,45702909,45719580,2017-08-15 23:20:00.447,39025766
173,45806156,45824882,2017-08-21 22:03:19.177,39041855
174,45882060,0,2017-08-25 13:01:03.937,39049668
175,45921018,0,2017-08-28 14:09:26.273,39088648
176,46052779,0,2017-09-05 10:28:39.363,39103483
177,46072040,46333436,2017-09-06 09:49:34.477,39130526
178,46166381,0,2017-09-12 01:07:24.147,39147500
179,46204558,46953917,2017-09-13 18:31:02.377,39155740
180,46247901,46282542,2017-09-15 21:51:12.950,39166465
181,46290023,0,2017-09-19 00:31:24.920,39241526
182,46364957,0,2017-09-22 12:34:10.130,39266631
183,46480982,0,2017-09-29 02:39:09.760,39277673
184,46554393,0,2017-10-03 22:31:24.753,39293775
185,46582655,46586510,2017-10-05 09:50:34.550,39321399
186,46613835,0,2017-10-06 20:58:21.207,39339268
187,46675478,0,2017-10-10 20:31:24.900,39371446
188,46780658,0,2017-10-17 00:07:14.080,39371579
189,46993255,46993586,2017-10-28 18:48:11.847,39393630
190,46999343,46999390,2017-10-29 10:56:20.577,39403712
191,47127888,47129305,2017-11-05 23:49:42.127,39403853
192,47212064,0,2017-11-09 21:43:56.243,39452968
193,47239037,0,2017-11-11 14:35:15.220,39453315
194,47316693,0,2017-11-15 20:30:30.027,39506739
195,47316787,47329707,2017-11-15 20:36:41.857,39517035
196,47414616,0,2017-11-21 13:43:22.717,39570436
197,47489646,0,2017-11-25 19:14:17.850,39590307
198,47569829,0,2017-11-30 09:21:01.013,39618172
199,47781976,47968554,2017-12-12 21:38:09.380,39651065
200,47793296,0,2017-12-13 12:41:05.980,39690399
201,47824990,0,2017-12-15 02:31:39.617,39692275
202,47892691,47892752,2017-12-19 17:57:22.300,39692612
203,48030232,48034627,2017-12-30 01:51:17.380,39696430
204,48227717,48227753,2018-01-12 13:55:39.037,39702528
205,48275118,0,2018-01-16 06:17:20.523,39715493
206,48318401,48319106,2018-01-18 09:57:11.747,39763482
207,48338799,48339008,2018-01-19 10:20:34.323,39792672
208,48354539,0,2018-01-20 09:31:42.653,39901568
209,48405721,0,2018-01-23 15:49:19.647,39909084
210,48487219,48487799,2018-01-28 14:08:56.747,39927392
211,48620644,0,2018-02-05 10:38:00.760,39939923
212,48637937,0,2018-02-06 07:49:00.813,39970709
213,48668874,48676656,2018-02-07 16:36:11.163,39981669
214,48745780,0,2018-02-12 11:46:33.323,40035976
215,48749857,0,2018-02-12 15:27:29.173,40037085
216,48764040,48784641,2018-02-13 10:03:00.847,40076061
217,48767403,0,2018-02-13 12:57:19.380,40108578
218,48803199,48804117,2018-02-15 08:52:43.940,40161607
219,48888455,0,2018-02-20 15:16:29.600,40170408
220,48910236,48910721,2018-02-21 15:58:17.027,40174148
221,49036239,49037735,2018-02-28 18:28:10.797,40272187
222,49047831,0,2018-03-01 10:38:27.627,40286592
223,49203469,0,2018-03-09 23:03:52.913,40292178
224,49250017,0,2018-03-13 06:58:17.513,40302468
225,49269124,0,2018-03-14 03:04:05.523,40332933
226,49358898,0,2018-03-19 08:51:22.007,40339536
227,49396401,49406979,2018-03-21 00:44:14.760,40339877
228,49405820,0,2018-03-21 11:59:54.220,40348898
229,49408651,49423782,2018-03-21 14:12:10.207,40360641
230,49416555,51281074,2018-03-21 21:09:11.890,40367623
231,49467408,49467521,2018-03-24 17:00:42.707,40368015
232,49603299,0,2018-04-01 22:42:17.960,40406053
233,49675203,0,2018-04-05 14:44:38.627,40417929
234,49705960,0,2018-04-07 09:40:57.340,40427280
235,49748141,0,2018-04-10 07:48:27.817,40443480
236,49771123,0,2018-04-11 09:14:56.277,40445196
237,49806021,49811250,2018-04-12 21:17:34.540,40448437
238,49894620,51224061,2018-04-18 08:18:44.587,40478608
239,49942558,49971434,2018-04-20 13:16:48.740,40535692
240,50048130,0,2018-04-26 16:41:14.380,40536254
241,50153158,0,2018-05-03 10:46:48.267,40552953
242,50247832,0,2018-05-09 07:30:33.990,40553395
243,50293715,50298660,2018-05-11 13:43:02.233,40573031
244,50316950,50319585,2018-05-13 14:07:05.140,40619332
245,50322059,50430432,2018-05-14 01:21:18.550,40624258
246,50399851,0,2018-05-17 20:14:36.490,40637447
247,50474126,0,2018-05-22 18:18:22.163,40641694
248,50500449,50521379,2018-05-24 03:25:15.057,40650051
249,50717406,0,2018-06-06 09:53:32.473,40684326
250,50750000,50751002,2018-06-07 20:52:54.983,40700803
251,50781485,50781593,2018-06-10 07:31:09.760,40712441
252,50802267,50803564,2018-06-11 16:29:16.393,40719011
253,50854102,0,2018-06-14 09:29:03.860,40731252
254,50869542,50869846,2018-06-15 05:23:50.483,40747107
255,50889670,0,2018-06-16 16:28:21.613,40748284
256,50893938,0,2018-06-17 05:21:57.203,40749913
257,51005246,51006707,2018-06-23 21:38:40.293,40775977
258,51066118,0,2018-06-27 15:05:47.713,40788622
259,51212874,51213567,2018-07-06 14:45:15.473,40804908
260,51391435,51410001,2018-07-17 23:18:49.353,40881070
261,51422265,0,2018-07-19 12:05:01.537,40884485
262,51469544,0,2018-07-22 21:51:37.530,40893676
263,51493684,51497581,2018-07-24 08:13:07.927,40906652
264,51719364,51833593,2018-08-07 05:24:52.633,40933638
265,51828149,0,2018-08-13 18:05:19.040,40948743
266,51976659,0,2018-08-22 23:56:05.690,40950827
267,51979632,0,2018-08-23 06:35:03.227,40973020
268,52023051,0,2018-08-26 03:53:49.520,40982512
269,52048395,52065467,2018-08-28 00:03:58.853,40987083
270,52083629,0,2018-08-29 18:00:49.830,40992484
271,52160572,0,2018-09-04 07:02:14.297,41020867
272,52196456,52196936,2018-09-06 04:19:50.920,41038010
273,52256971,0,2018-09-10 11:37:33.710,41046467
274,52402858,0,2018-09-19 09:42:47.130,41130003
275,52407011,0,2018-09-19 13:27:10.707,41130995
276,52451883,0,2018-09-21 22:49:51.077,41135593
277,52508583,0,2018-09-26 01:09:32.887,41200390
278,52596315,0,2018-10-01 17:49:19.647,41202722
279,52606707,0,2018-10-02 10:39:54.997,41231778
280,52683475,0,2018-10-06 21:26:19.443,41241283
281,52726824,0,2018-10-09 17:57:58.353,41248575
282,52806356,52806910,2018-10-14 19:32:06.420,41254538
283,52844782,0,2018-10-16 22:20:58.987,41265397
284,52857320,52870245,2018-10-17 14:27:26.850,41272886
285,52902251,0,2018-10-20 03:49:05.910,41275808
286,52933005,52933420,2018-10-22 15:37:31.223,41284806
287,53028279,0,2018-10-28 04:02:43.507,41291142
288,53105491,53111312,2018-11-01 16:32:30.517,41294555
289,53230674,53231113,2018-11-09 17:31:37.077,41294594
290,53389496,0,2018-11-20 09:03:35.760,41299072
291,53423170,0,2018-11-22 02:46:05.607,41348052
292,53427197,0,2018-11-22 09:01:27.017,41359636
293,53574511,0,2018-12-01 19:51:36.843,41363163
294,53579310,0,2018-12-02 10:17:51.273,41367375
295,53619904,0,2018-12-04 19:12:16.733,41488896
296,53685871,53686166,2018-12-08 18:57:00.640,41506436
297,53690282,53718036,2018-12-09 07:28:38.430,41523067
298,53714836,0,2018-12-10 22:46:27.267,41576446
299,53859452,53866265,2018-12-19 21:32:33.930,41589688
300,53947626,53947709,2018-12-27 15:53:01.263,41589949
301,53957051,0,2018-12-28 10:29:38.680,41601417
302,54035481,0,2019-01-04 08:35:07.187,41667911
303,54133942,0,2019-01-10 17:25:25.770,41705888
304,54152455,0,2019-01-11 18:56:06.163,41730679
305,54235173,54235777,2019-01-17 11:42:07.590,41735181
306,54336526,0,2019-01-23 22:15:22.020,41873334
307,54531890,0,2019-02-05 10:06:22.810,41905033
308,54596756,0,2019-02-08 16:40:40.960,41928591
309,54700981,54701079,2019-02-15 00:11:31.330,41976290
310,54816329,0,2019-02-21 21:15:52.480,41982169
311,54834889,0,2019-02-22 20:46:04.533,41993669
312,54974712,0,2019-03-03 23:06:51.530,42004016
313,54995119,0,2019-03-05 03:48:01.637,42013862
314,55040708,0,2019-03-07 09:49:43.403,42040050
315,55099348,0,2019-03-11 10:02:00.030,42071529
316,55147038,55147168,2019-03-13 16:40:43.320,42152533
317,55198292,55215930,2019-03-16 15:14:46.157,42176003
318,55199069,0,2019-03-16 16:38:55.447,42181156
319,55284558,0,2019-03-21 15:59:26.120,42183538
320,55379125,55394335,2019-03-27 14:02:12.007,42208886
321,55505100,55505511,2019-04-03 22:13:34.713,42242022
322,55524728,0,2019-04-04 20:53:27.677,42256013
323,55571868,0,2019-04-08 10:57:36.437,42288792
324,55616281,55682461,2019-04-10 15:27:32.743,42360259
325,55619197,55619266,2019-04-10 18:32:41.747,42360632
326,55740690,0,2019-04-18 07:01:15.327,42411794
327,55796625,0,2019-04-22 15:12:11.037,42432053
328,55843678,55846007,2019-04-25 07:09:10.610,42443318
329,55855291,0,2019-04-25 18:07:57.020,42473979
330,55894591,55894799,2019-04-28 21:08:44.243,42540675
331,55961880,0,2019-05-03 00:36:14.383,42541819
332,56028039,0,2019-05-07 17:50:48.137,42582046
333,56143742,56143743,2019-05-15 07:25:47.390,42584961
334,56324542,0,2019-05-27 10:45:39.727,42623197
335,56333488,0,2019-05-27 23:43:58.407,42672374
336,56337446,0,2019-05-28 07:52:20.200,42675157
337,56351578,56352011,2019-05-29 00:19:47.070,42693265
338,56361264,0,2019-05-29 12:59:06.720,42710853
339,56405433,0,2019-06-01 09:22:43.480,42715776
340,56429416,0,2019-06-03 14:29:49.120,42719908
341,56431031,0,2019-06-03 16:12:13.787,42719992
342,56460804,0,2019-06-05 12:48:01.273,42734518
343,56462203,56463676,2019-06-05 14:08:34.123,42767428
344,56522484,0,2019-06-10 07:48:05.327,42779203
345,56551144,56551201,2019-06-11 20:17:08.187,42808261
346,56645829,0,2019-06-18 09:23:40.397,42830904
347,56724203,56729716,2019-06-23 13:09:47.037,42876057
348,56916742,0,2019-07-06 18:40:13.080,42890443
349,56973758,57044760,2019-07-10 15:12:13.563,42949093
350,56977144,0,2019-07-10 19:05:29.953,42977699
351,57051642,0,2019-07-16 06:58:03.030,42983657
352,57273700,0,2019-07-30 14:09:30.183,42994525
353,57426643,0,2019-08-09 08:56:11.640,43012252
354,57429114,57784322,2019-08-09 11:29:28.070,43037590
355,57476959,57477470,2019-08-13 11:37:17.130,43043774
356,57496375,68516377,2019-08-14 14:08:46.127,43043957
357,57534041,0,2019-08-17 06:59:58.667,43049748
358,57544751,0,2019-08-18 12:53:33.170,43079729
359,57567513,0,2019-08-20 06:04:27.233,43144036
360,57587833,0,2019-08-21 08:50:12.203,43155888
361,57672471,57673929,2019-08-27 10:15:29.003,43156960
362,57878330,57906016,2019-09-10 21:18:47.553,43173667
363,58034581,0,2019-09-20 20:09:51.487,43194155
364,58433164,0,2019-10-17 12:53:43.673,43212545
365,58518120,58519651,2019-10-23 07:56:25.467,43243853
366,58536184,0,2019-10-24 07:23:49.260,43244418
367,58540369,59154075,2019-10-24 11:28:08.067,43261320
368,58628077,58646572,2019-10-30 14:51:59.597,43366945
369,58684851,0,2019-11-03 21:38:50.110,43367550
370,58724952,0,2019-11-06 07:20:50.360,43376243
371,58800478,0,2019-11-11 11:28:15.070,43404962
372,58808721,0,2019-11-11 21:07:17.620,43421570
373,58890719,0,2019-11-16 12:27:40.770,43442542
374,58912502,0,2019-11-18 10:29:27.813,43474753
375,58985140,59109091,2019-11-21 23:13:16.850,43485954
376,59089399,0,2019-11-28 12:54:28.073,43493245
377,59123075,0,2019-12-01 06:23:06.423,43522402
378,59124615,59124934,2019-12-01 10:23:25.803,43524166
379,59297787,0,2019-12-12 04:35:56.790,43545687
380,59338965,59339859,2019-12-14 20:39:44.037,43559674
381,59393053,0,2019-12-18 13:26:21.817,43602510
382,59425279,0,2019-12-20 12:29:00.233,43618294
383,59429856,0,2019-12-20 18:29:33.480,43629110
384,59444027,59444756,2019-12-22 12:03:34.737,43668464
385,59481956,59482003,2019-12-25 21:27:20.823,43698097
386,59508424,0,2019-12-28 05:36:25.837,43704541
387,59680276,0,2020-01-10 10:54:40.560,43712753
388,59692773,0,2020-01-11 08:23:06.123,43733024
389,59729867,59730236,2020-01-14 08:20:59.490,43747837
390,59809534,0,2020-01-19 11:21:27.397,43789778
391,59900538,0,2020-01-24 16:40:06.557,43827921
392,60032000,60032048,2020-02-03 00:55:21.927,43832370
393,60119525,0,2020-02-07 18:58:26.443,43870377
394,60143846,0,2020-02-10 03:51:46.743,43897396
395,60168205,0,2020-02-11 11:51:51.593,43909325
396,60195942,0,2020-02-12 19:55:03.733,43911790
397,60300724,0,2020-02-19 12:46:57.867,43941883
398,60318121,0,2020-02-20 10:44:54.077,43965272
399,60333509,60369151,2020-02-21 06:53:51.833,43969264
400,60391540,0,2020-02-25 09:40:41.163,43984072
401,60654346,0,2020-03-12 12:41:09.660,43996568
402,60736036,60740954,2020-03-18 08:43:24.220,44031573
403,60762742,60763269,2020-03-19 18:02:08.740,44046230
404,60764135,60766419,2020-03-19 19:51:12.963,44051721
405,60916925,60917633,2020-03-29 15:57:36.450,44088235
406,60966575,0,2020-04-01 08:29:20.677,44098478
407,60998753,0,2020-04-02 18:39:28.197,44152792
408,61027147,0,2020-04-04 11:07:17.607,44152912
409,61116589,0,2020-04-09 08:06:49.353,44165132
410,61296205,61299242,2020-04-18 21:03:18.053,44174749
411,61299232,0,2020-04-19 03:35:33.107,44185738
412,61498626,0,2020-04-29 09:33:39.293,44206597
413,61606913,0,2020-05-05 06:19:24.567,44222135
414,61638918,0,2020-05-06 15:21:42.190,44232366
415,61639093,0,2020-05-06 15:29:45.313,44233585
416,61670076,0,2020-05-08 00:35:32.033,44247393
417,61727091,61733026,2020-05-11 10:04:37.623,44249430
418,61867706,0,2020-05-18 10:38:49.667,44273637
419,61935310,61935483,2020-05-21 13:11:25.617,44300693
420,62027414,0,2020-05-26 16:55:57.367,44311366
421,62030967,63375806,2020-05-26 20:35:01.820,44345257
422,62290549,65064722,2020-06-09 19:37:32.933,44382512
423,62342721,0,2020-06-12 10:51:24.043,44393807
424,62387316,62388052,2020-06-15 11:33:31.130,44394490
425,62392440,0,2020-06-15 16:13:56.007,44403561
426,62725046,0,2020-07-04 03:44:42.583,44417185
427,62858964,0,2020-07-12 08:44:14.943,44420686
428,63080915,0,2020-07-24 20:20:25.277,44433381
429,63188863,0,2020-07-31 09:04:56.303,44439930
430,63264385,0,2020-08-05 11:39:17.767,44462892
431,63273991,63274924,2020-08-05 21:48:03.760,44492135
432,63414961,0,2020-08-14 14:42:20.657,44492209
433,63655361,63657219,2020-08-30 08:14:09.597,44497389
434,64001391,0,2020-09-22 00:08:13.097,44541561
435,64036350,0,2020-09-23 21:15:59.507,44547808
436,64101389,0,2020-09-28 11:33:16.807,44592138
437,64108982,0,2020-09-28 20:09:47.797,44629724
438,64176479,0,2020-10-02 18:19:38.897,44656648
439,64181618,64186462,2020-10-03 07:05:52.430,44725530
440,64182952,0,2020-10-03 09:57:56.227,44733083
441,64330699,0,2020-10-13 07:38:20.377,44750541
442,64500713,0,2020-10-23 13:12:15.720,44751216
443,64529169,0,2020-10-25 21:47:28.113,44763071
444,64555478,0,2020-10-27 13:26:22.087,44804362
445,64604154,0,2020-10-30 07:24:16.980,44807275
446,64615923,0,2020-10-30 21:18:19.367,44821381
447,64679527,0,2020-11-04 11:51:44.643,44833181
448,64933974,66308477,2020-11-20 17:21:07.127,44845143
449,65183434,0,2020-12-07 14:18:12.223,44858022
450,65198230,0,2020-12-08 11:39:55.970,44872938
451,65198437,65199752,2020-12-08 11:54:45.527,44882316
452,65210089,0,2020-12-09 03:10:15.850,44891113
453,65260028,0,2020-12-11 23:34:03.463,44911915
454,65347235,0,2020-12-17 19:36:59.643,44922247
455,65351704,0,2020-12-18 04:11:17.450,44922576
456,65407286,0,2020-12-22 10:45:40.137,44932576
457,65414749,0,2020-12-22 19:28:49.087,44962349
458,65499737,73264030,2020-12-29 22:41:44.177,45008008
459,65571437,0,2021-01-04 23:55:49.457,45052284
460,65619163,0,2021-01-07 20:02:16.667,45056800
461,65667279,0,2021-01-11 12:55:47.087,45060615
462,65846605,0,2021-01-22 14:01:13.723,45072915
463,65919352,0,2021-01-27 12:37:39.587,45108433
464,65974454,0,2021-01-31 00:06:36.250,45124611
465,66023133,0,2021-02-03 07:40:37.267,45142527
466,66108644,0,2021-02-08 20:10:25.137,45144918
467,66194022,0,2021-02-14 09:27:19.497,45151034
468,66284089,0,2021-02-19 19:45:44.613,45165249
469,66390770,0,2021-02-26 18:06:06.837,45168756
470,66399038,0,2021-02-27 12:56:46.923,45174156
471,66476290,66476380,2021-03-04 13:43:32.097,45191401
472,66486715,0,2021-03-05 04:20:54.500,45195663
473,66643123,0,2021-03-15 17:57:08.443,45215533
474,66940621,0,2021-04-04 11:10:37.563,45219297
475,66981095,0,2021-04-07 07:04:26.623,45221524
476,67041736,0,2021-04-11 05:25:12.970,45237660
477,67159594,0,2021-04-19 09:43:35.700,45273073
478,67287426,67294028,2021-04-27 16:54:31.487,45280935
479,67497078,0,2021-05-12 03:45:52.170,45304961
480,67700268,67716731,2021-05-26 07:21:04.093,45332930
481,67793130,0,2021-06-01 17:03:57.117,45337581
482,68001137,0,2021-06-16 10:42:33.690,45360076
483,68076479,0,2021-06-22 01:37:03.170,45367273
484,68124062,0,2021-06-25 00:25:05.753,45376259
485,68231774,68760324,2021-07-02 22:21:29.747,45398076
486,68282251,0,2021-07-07 08:05:55.350,45399729
487,68300025,68304832,2021-07-08 10:37:22.870,45414040
488,68326819,0,2021-07-10 10:23:03.437,45420800
489,68338794,0,2021-07-11 18:00:56.483,45480341
490,68357838,0,2021-07-13 06:58:41.027,45486521
491,68382322,68382584,2021-07-14 17:00:41.527,45492516
492,68413512,0,2021-07-16 18:07:57.887,45499940
493,68449512,0,2021-07-20 04:20:21.033,45517239
494,68537481,0,2021-07-26 23:56:45.917,45534964
495,68584583,0,2021-07-30 01:57:22.223,45594775
496,68591172,0,2021-07-30 12:44:00.583,45610865
497,68716056,68717016,2021-08-09 17:13:40.903,45610903
498,68809914,68812289,2021-08-16 22:40:54.853,45643741
499,68830777,0,2021-08-18 10:36:34.313,45647144
500,68946584,0,2021-08-27 00:00:59.303,45652639
501,68963350,0,2021-08-28 10:13:35.003,45655059
502,68978395,71377314,2021-08-30 02:28:07.100,45661479
503,68996842,0,2021-08-31 10:12:27.083,45662140
504,69130486,69131243,2021-09-10 09:55:31.027,45673472
505,69336773,70973900,2021-09-26 16:21:02.170,45680140
506,69370299,0,2021-09-29 04:10:29.160,45683481
507,69401284,0,2021-10-01 06:14:05.107,45686213
508,69622295,0,2021-10-18 20:36:47.253,45686530
509,69749401,69749683,2021-10-28 06:46:47.960,45699131
510,69775534,0,2021-10-29 22:59:34.250,45723534
511,69800078,0,2021-11-01 16:49:35.380,45758869
512,69836988,0,2021-11-04 09:27:46.563,45774206
513,70019295,0,2021-11-18 11:46:22.200,45780316
514,70086274,0,2021-11-23 18:46:37.737,45784633
515,70089451,70089629,2021-11-24 00:33:16.123,45799038
516,70138603,70138638,2021-11-27 20:50:11.853,45819993
517,70268765,0,2021-12-08 01:06:51.473,45864468
518,70305497,0,2021-12-10 13:49:48.523,45879824
519,70345792,0,2021-12-14 08:25:53.507,45886595
520,70388548,0,2021-12-17 04:47:00.897,45934011
521,70486842,0,2021-12-26 13:32:17.670,45968302
522,70559396,0,2022-01-02 20:10:47.007,45982888
523,70589603,70699646,2022-01-05 08:10:16.317,45991923
524,70600248,0,2022-01-05 22:18:11.327,45997484
525,70844502,0,2022-01-25 06:55:19.227,46007304
526,70969794,71062106,2022-02-03 10:39:27.063,46032999
527,71120319,0,2022-02-15 01:59:15.363,46138691
528,71180848,0,2022-02-18 23:08:55.423,46157513
529,71239553,0,2022-02-23 15:16:06.943,46164953
530,71291543,0,2022-02-28 07:02:59.700,46200654
531,71444673,0,2022-03-11 21:09:53.940,46203196
532,71473424,0,2022-03-14 19:46:52.977,46219942
533,71528097,0,2022-03-18 13:53:38.283,46220679
534,71608151,71608241,2022-03-24 19:08:34.473,46301461
535,71737443,0,2022-04-04 12:43:09.090,46303155
536,72089713,0,2022-05-02 16:38:56.680,46308533
537,72273513,0,2022-05-17 11:48:16.297,46349810
538,72353581,72359622,2022-05-23 18:56:52.633,46352394
539,72431642,72441834,2022-05-30 08:54:26.363,46359549
540,72682430,0,2022-06-20 05:07:36.020,46364986
541,72716234,0,2022-06-22 13:16:03.873,46465979
542,72769365,0,2022-06-27 08:51:44.487,46512001
543,72793217,0,2022-06-28 21:14:19.563,46550927
544,72913303,72913404,2022-07-08 14:57:30.100,46610658
545,73178953,73179273,2022-07-30 20:48:30.640,46643667
546,73522146,0,2022-08-28 20:45:42.860,46661726
547,73821433,0,2022-09-22 23:00:05.477,46663998
548,73887106,0,2022-09-28 19:53:17.567,46671775
549,73945072,0,2022-10-04 08:30:17.110,46706237
550,74138621,0,2022-10-20 10:49:53.783,46707971
551,74193722,0,2022-10-25 11:57:38.097,46727283
552,74271815,0,2022-11-01 05:19:12.497,46746776
553,74294726,0,2022-11-02 19:31:27.283,46752848
554,74593727,0,2022-11-27 20:54:00.987,46758520
555,74717715,0,2022-12-07 13:48:49.520,46780772
556,74831963,0,2022-12-17 05:18:33.720,46786428
557,74975985,0,2023-01-01 16:54:44.313,46832715
558,75021669,0,2023-01-05 16:38:48.727,46854739
559,75107320,0,2023-01-13 09:37:29.130,46876636
560,75194224,75199783,2023-01-21 14:55:15.773,46880568
561,75196631,75197160,2023-01-21 21:19:24.407,46880664
562,75203570,0,2023-01-22 20:11:50.043,46899737
563,75208175,0,2023-01-23 10:27:04.620,46900087
564,75250004,0,2023-01-26 18:01:35.167,46914294
565,75294032,0,2023-01-31 07:45:10.593,46929386
566,75348072,0,2023-02-04 20:11:27.457,46965324
567,75427778,0,2023-02-12 14:38:36.340,46987866
568,75459408,0,2023-02-15 11:52:30.353,47038875
569,75470483,0,2023-02-16 09:51:12.083,47038936
570,75487238,75495289,2023-02-17 17:03:53.910,47061514
571,75523706,0,2023-02-21 17:07:08.360,47151541
572,75547363,0,2023-02-23 16:06:38.513,47169931
573,75730556,75740923,2023-03-14 08:17:56.417,47177426
574,75773911,0,2023-03-18 04:45:54.243,47181196
575,75793442,0,2023-03-20 17:24:54.280,47206514
576,75811885,0,2023-03-22 11:49:31.470,47210794
577,75877258,0,2023-03-29 12:32:36.503,47211566
578,75907291,0,2023-04-01 15:56:40.887,47220023
579,75934277,0,2023-04-04 22:21:05.693,47221726
580,76112046,0,2023-04-26 14:37:20.943,47224490
581,76119395,0,2023-04-27 10:31:55.087,47245210
582,76156004,0,2023-05-02 14:37:15.233,47301614
583,76172867,0,2023-05-04 11:51:49.087,47314089
584,76400896,0,2023-06-04 14:33:57.463,47327261
585,76506144,76507031,2023-06-19 11:23:21.043,47342861
586,76552268,0,2023-06-25 20:23:29.127,47343658
587,76679755,76679785,2023-07-13 13:11:26.497,47418350
588,76686627,0,2023-07-14 10:00:35.563,47425065
589,76718920,0,2023-07-19 07:33:35.387,47437320
590,76768548,0,2023-07-26 06:28:29.173,47486022
591,77340106,0,2023-10-22 13:21:04.863,47526721
592,77350638,0,2023-10-24 08:41:40.090,47540846
593,77373475,0,2023-10-27 10:37:24.563,47558776
594,77513061,0,2023-11-20 00:53:17.013,47633534
