,Unnamed: 0,Q_id_x,Q_create_time,View_count,Comment_count,Score,Answer_count,Accepted_Answer_id,Answer_tup,First_ans_time,First_acc_ans_time,Duration_ans,Duration_acc_ans
0,0,25294114,2014-08-13 19:01:18.400,275.0,0.0,2.0,1.0,25296227,"[('25296227', Timestamp('2014-08-13 19:01:18.400000'))]",2014-08-13 19:01:18.400000,2014-08-13 19:01:18.400000,0.0,0.0
1,1,27111552,2014-11-24 18:20:03.207,3198.0,3.0,4.0,2.0,27123589,"[('27123589', Timestamp('2014-11-24 18:20:03.207000'))]",2014-11-24 18:20:03.207000,2014-11-24 18:20:03.207000,0.0,0.0
2,2,27592559,2014-12-21 18:44:10.483,6873.0,0.0,11.0,1.0,27744734,"[('27744734', Timestamp('2014-12-21 18:44:10.483000'))]",2014-12-21 18:44:10.483000,2014-12-21 18:44:10.483000,0.0,0.0
3,3,29760894,2015-04-21 00:41:29.093,22178.0,0.0,35.0,4.0,43556756,"[('43556756', Timestamp('2015-04-21 00:41:29.093000'))]",2015-04-21 00:41:29.093000,2015-04-21 00:41:29.093000,0.0,0.0
4,4,30824105,2015-06-13 22:15:37.447,327.0,0.0,1.0,2.0,30899465,"[('30899465', Timestamp('2015-06-13 22:15:37.447000'))]",2015-06-13 22:15:37.447000,2015-06-13 22:15:37.447000,0.0,0.0
5,5,31185267,2015-07-02 12:54:58.823,1620.0,0.0,3.0,1.0,31217269,"[('31217269', Timestamp('2015-07-02 12:54:58.823000'))]",2015-07-02 12:54:58.823000,2015-07-02 12:54:58.823000,0.0,0.0
6,6,31820641,2015-08-04 22:44:49.293,1412.0,0.0,3.0,1.0,0,"[('0', Timestamp('2015-08-04 22:44:49.293000'))]",2015-08-04 22:44:49.293000,2015-08-04 22:44:49.293000,0.0,0.0
7,7,32217190,2015-08-26 02:46:10.103,5020.0,0.0,7.0,2.0,0,"[('0', Timestamp('2015-08-26 02:46:10.103000'))]",2015-08-26 02:46:10.103000,2015-08-26 02:46:10.103000,0.0,0.0
8,8,32381629,2015-09-03 17:05:53.387,3040.0,0.0,4.0,1.0,32383100,"[('32383100', Timestamp('2015-09-03 17:05:53.387000'))]",2015-09-03 17:05:53.387000,2015-09-03 17:05:53.387000,0.0,0.0
9,9,32385219,2015-09-03 20:53:03.690,18638.0,0.0,35.0,2.0,32386750,"[('32386750', Timestamp('2015-09-03 20:53:03.690000'))]",2015-09-03 20:53:03.690000,2015-09-03 20:53:03.690000,0.0,0.0
10,10,32638562,2015-09-17 19:32:37.083,68.0,0.0,0.0,1.0,0,"[('0', Timestamp('2015-09-17 19:32:37.083000'))]",2015-09-17 19:32:37.083000,2015-09-17 19:32:37.083000,0.0,0.0
11,11,32643854,2015-09-18 04:24:38.310,646.0,1.0,0.0,1.0,32645470,"[('32645470', Timestamp('2015-09-18 04:24:38.310000'))]",2015-09-18 04:24:38.310000,2015-09-18 04:24:38.310000,0.0,0.0
12,12,33272967,2015-10-22 03:35:49.653,369646.0,0.0,239.0,14.0,33273459,"[('33273459', Timestamp('2015-10-22 03:35:49.653000'))]",2015-10-22 03:35:49.653000,2015-10-22 03:35:49.653000,0.0,0.0
13,13,33381663,2015-10-28 01:59:53.077,3676.0,0.0,2.0,1.0,33383633,"[('33383633', Timestamp('2015-10-28 01:59:53.077000'))]",2015-10-28 01:59:53.077000,2015-10-28 01:59:53.077000,0.0,0.0
14,14,33731430,2015-11-16 08:53:21.530,131.0,0.0,1.0,1.0,33762207,"[('33762207', Timestamp('2015-11-16 08:53:21.530000'))]",2015-11-16 08:53:21.530000,2015-11-16 08:53:21.530000,0.0,0.0
15,15,33766642,2015-11-17 20:45:12.840,83.0,0.0,1.0,1.0,0,"[('0', Timestamp('2015-11-17 20:45:12.840000'))]",2015-11-17 20:45:12.840000,2015-11-17 20:45:12.840000,0.0,0.0
16,16,34051368,2015-12-02 19:31:20.507,630.0,1.0,3.0,2.0,34051774,"[('34051774', Timestamp('2015-12-02 19:31:20.507000'))]",2015-12-02 19:31:20.507000,2015-12-02 19:31:20.507000,0.0,0.0
17,17,34107697,2015-12-05 16:15:25.053,11886.0,2.0,5.0,2.0,0,"[('0', Timestamp('2015-12-05 16:15:25.053000'))]",2015-12-05 16:15:25.053000,2015-12-05 16:15:25.053000,0.0,0.0
18,18,34409057,2015-12-22 05:32:18.417,1587.0,3.0,3.0,1.0,34410298,"[('34410298', Timestamp('2015-12-22 05:32:18.417000'))]",2015-12-22 05:32:18.417000,2015-12-22 05:32:18.417000,0.0,0.0
19,19,34435926,2015-12-23 12:39:32.480,18602.0,0.0,23.0,2.0,34435927,"[('34435927', Timestamp('2015-12-23 12:39:32.480000'))]",2015-12-23 12:39:32.480000,2015-12-23 12:39:32.480000,0.0,0.0
20,20,34692037,2016-01-09 09:55:10.290,2927.0,3.0,5.0,2.0,34745036,"[('34745036', Timestamp('2016-01-09 09:55:10.290000'))]",2016-01-09 09:55:10.290000,2016-01-09 09:55:10.290000,0.0,0.0
21,21,34700844,2016-01-10 00:59:56.000,3683.0,3.0,9.0,3.0,0,"[('0', Timestamp('2016-01-10 00:59:56'))]",2016-01-10 00:59:56,2016-01-10 00:59:56,0.0,0.0
22,22,34710180,2016-01-10 20:01:50.140,237.0,0.0,1.0,1.0,34711692,"[('34711692', Timestamp('2016-01-10 20:01:50.140000'))]",2016-01-10 20:01:50.140000,2016-01-10 20:01:50.140000,0.0,0.0
23,23,35016229,2016-01-26 14:29:58.403,7188.0,0.0,13.0,1.0,0,"[('0', Timestamp('2016-01-26 14:29:58.403000'))]",2016-01-26 14:29:58.403000,2016-01-26 14:29:58.403000,0.0,0.0
24,24,35062852,2016-01-28 13:28:39.440,308417.0,15.0,2067.0,7.0,35064297,"[('35064297', Timestamp('2016-01-28 13:28:39.440000'))]",2016-01-28 13:28:39.440000,2016-01-28 13:28:39.440000,0.0,0.0
25,25,35420048,2016-02-15 22:11:42.637,13128.0,4.0,8.0,2.0,35712119,"[('35712119', Timestamp('2016-02-15 22:11:42.637000'))]",2016-02-15 22:11:42.637000,2016-02-15 22:11:42.637000,0.0,0.0
26,26,35424009,2016-02-16 04:50:51.390,667.0,2.0,0.0,1.0,0,"[('0', Timestamp('2016-02-16 04:50:51.390000'))]",2016-02-16 04:50:51.390000,2016-02-16 04:50:51.390000,0.0,0.0
27,27,35542933,2016-02-21 22:27:52.933,899.0,0.0,1.0,2.0,0,"[('0', Timestamp('2016-02-21 22:27:52.933000'))]",2016-02-21 22:27:52.933000,2016-02-21 22:27:52.933000,0.0,0.0
28,28,35766180,2016-03-03 07:52:13.230,92.0,0.0,0.0,1.0,0,"[('0', Timestamp('2016-03-03 07:52:13.230000'))]",2016-03-03 07:52:13.230000,2016-03-03 07:52:13.230000,0.0,0.0
29,29,35921516,2016-03-10 16:04:39.987,56.0,0.0,0.0,1.0,35944180,"[('35944180', Timestamp('2016-03-10 16:04:39.987000'))]",2016-03-10 16:04:39.987000,2016-03-10 16:04:39.987000,0.0,0.0
30,30,35932000,2016-03-11 04:05:53.187,38750.0,0.0,23.0,6.0,35932149,"[('35932149', Timestamp('2016-03-11 04:05:53.187000'))]",2016-03-11 04:05:53.187000,2016-03-11 04:05:53.187000,0.0,0.0
31,31,36373155,2016-04-02 12:19:31.213,303.0,3.0,0.0,1.0,0,"[('0', Timestamp('2016-04-02 12:19:31.213000'))]",2016-04-02 12:19:31.213000,2016-04-02 12:19:31.213000,0.0,0.0
32,32,36473834,2016-04-07 10:44:53.087,1923.0,0.0,1.0,1.0,36474148,"[('36474148', Timestamp('2016-04-07 10:44:53.087000'))]",2016-04-07 10:44:53.087000,2016-04-07 10:44:53.087000,0.0,0.0
33,33,36625946,2016-04-14 14:18:11.563,110.0,6.0,0.0,2.0,36812834,"[('36812834', Timestamp('2016-04-14 14:18:11.563000'))]",2016-04-14 14:18:11.563000,2016-04-14 14:18:11.563000,0.0,0.0
34,34,36783556,2016-04-22 02:08:10.023,154.0,0.0,2.0,3.0,36892798,"[('36892798', Timestamp('2016-04-22 02:08:10.023000'))]",2016-04-22 02:08:10.023000,2016-04-22 02:08:10.023000,0.0,0.0
35,35,36949140,2016-04-29 23:48:58.963,88.0,0.0,0.0,1.0,0,"[('0', Timestamp('2016-04-29 23:48:58.963000'))]",2016-04-29 23:48:58.963000,2016-04-29 23:48:58.963000,0.0,0.0
36,36,37157305,2016-05-11 08:41:46.387,210.0,1.0,2.0,1.0,37170844,"[('37170844', Timestamp('2016-05-11 08:41:46.387000'))]",2016-05-11 08:41:46.387000,2016-05-11 08:41:46.387000,0.0,0.0
37,37,37171767,2016-05-11 19:32:20.200,3597.0,0.0,20.0,1.0,0,"[('0', Timestamp('2016-05-11 19:32:20.200000'))]",2016-05-11 19:32:20.200000,2016-05-11 19:32:20.200000,0.0,0.0
38,38,37618008,2016-06-03 15:17:07.653,554.0,0.0,1.0,1.0,37878472,"[('37878472', Timestamp('2016-06-03 15:17:07.653000'))]",2016-06-03 15:17:07.653000,2016-06-03 15:17:07.653000,0.0,0.0
39,39,38006903,2016-06-24 06:29:28.803,790.0,2.0,0.0,1.0,0,"[('0', Timestamp('2016-06-24 06:29:28.803000'))]",2016-06-24 06:29:28.803000,2016-06-24 06:29:28.803000,0.0,0.0
40,40,38053561,2016-06-27 12:06:50.507,2598.0,3.0,1.0,2.0,38221922,"[('38221922', Timestamp('2016-06-27 12:06:50.507000'))]",2016-06-27 12:06:50.507000,2016-06-27 12:06:50.507000,0.0,0.0
41,41,38155586,2016-07-02 01:15:24.170,1596.0,2.0,8.0,1.0,0,"[('0', Timestamp('2016-07-02 01:15:24.170000'))]",2016-07-02 01:15:24.170000,2016-07-02 01:15:24.170000,0.0,0.0
42,42,38190515,2016-07-04 18:31:02.050,175.0,0.0,0.0,3.0,0,"[('0', Timestamp('2016-07-04 18:31:02.050000'))]",2016-07-04 18:31:02.050000,2016-07-04 18:31:02.050000,0.0,0.0
43,43,38199928,2016-07-05 09:34:04.480,1216.0,0.0,5.0,2.0,38205378,"[('38205378', Timestamp('2016-07-05 09:34:04.480000'))]",2016-07-05 09:34:04.480000,2016-07-05 09:34:04.480000,0.0,0.0
44,44,38280921,2016-07-09 10:37:33.410,977.0,5.0,1.0,1.0,0,"[('0', Timestamp('2016-07-09 10:37:33.410000'))]",2016-07-09 10:37:33.410000,2016-07-09 10:37:33.410000,0.0,0.0
45,45,38305103,2016-07-11 10:52:31.880,282.0,0.0,0.0,1.0,38305988,"[('38305988', Timestamp('2016-07-11 10:52:31.880000'))]",2016-07-11 10:52:31.880000,2016-07-11 10:52:31.880000,0.0,0.0
46,46,38319676,2016-07-12 03:43:21.127,739.0,0.0,2.0,2.0,38320059,"[('38320059', Timestamp('2016-07-12 03:43:21.127000'))]",2016-07-12 03:43:21.127000,2016-07-12 03:43:21.127000,0.0,0.0
47,47,38412314,2016-07-16 14:47:32.317,124.0,0.0,1.0,1.0,0,"[('0', Timestamp('2016-07-16 14:47:32.317000'))]",2016-07-16 14:47:32.317000,2016-07-16 14:47:32.317000,0.0,0.0
48,48,38419871,2016-07-17 09:39:17.063,5085.0,0.0,3.0,1.0,0,"[('0', Timestamp('2016-07-17 09:39:17.063000'))]",2016-07-17 09:39:17.063000,2016-07-17 09:39:17.063000,0.0,0.0
49,49,38434549,2016-07-18 10:36:04.167,1283.0,0.0,4.0,1.0,0,"[('0', Timestamp('2016-07-18 10:36:04.167000'))]",2016-07-18 10:36:04.167000,2016-07-18 10:36:04.167000,0.0,0.0
50,50,38443046,2016-07-18 17:52:23.317,4453.0,0.0,2.0,1.0,0,"[('0', Timestamp('2016-07-18 17:52:23.317000'))]",2016-07-18 17:52:23.317000,2016-07-18 17:52:23.317000,0.0,0.0
51,51,38511869,2016-07-21 18:32:30.680,2818.0,8.0,4.0,1.0,0,"[('0', Timestamp('2016-07-21 18:32:30.680000'))]",2016-07-21 18:32:30.680000,2016-07-21 18:32:30.680000,0.0,0.0
52,52,38519226,2016-07-22 06:01:39.773,143.0,0.0,0.0,1.0,0,"[('0', Timestamp('2016-07-22 06:01:39.773000'))]",2016-07-22 06:01:39.773000,2016-07-22 06:01:39.773000,0.0,0.0
53,53,38697399,2016-08-01 11:13:16.567,3111.0,0.0,6.0,1.0,0,"[('0', Timestamp('2016-08-01 11:13:16.567000'))]",2016-08-01 11:13:16.567000,2016-08-01 11:13:16.567000,0.0,0.0
54,54,38739001,2016-08-03 09:00:12.207,1040.0,1.0,1.0,1.0,0,"[('0', Timestamp('2016-08-03 09:00:12.207000'))]",2016-08-03 09:00:12.207000,2016-08-03 09:00:12.207000,0.0,0.0
55,55,38857358,2016-08-09 17:49:53.690,15797.0,0.0,5.0,1.0,38877389,"[('38877389', Timestamp('2016-08-09 17:49:53.690000'))]",2016-08-09 17:49:53.690000,2016-08-09 17:49:53.690000,0.0,0.0
56,56,38959329,2016-08-15 16:47:41.840,9566.0,1.0,2.0,2.0,0,"[('0', Timestamp('2016-08-15 16:47:41.840000'))]",2016-08-15 16:47:41.840000,2016-08-15 16:47:41.840000,0.0,0.0
57,57,39019545,2016-08-18 13:30:33.430,2159.0,1.0,5.0,4.0,0,"[('0', Timestamp('2016-08-18 13:30:33.430000'))]",2016-08-18 13:30:33.430000,2016-08-18 13:30:33.430000,0.0,0.0
58,58,39407600,2016-09-09 08:54:12.237,210.0,0.0,0.0,1.0,0,"[('0', Timestamp('2016-09-09 08:54:12.237000'))]",2016-09-09 08:54:12.237000,2016-09-09 08:54:12.237000,0.0,0.0
59,59,39424994,2016-09-10 10:10:23.140,38.0,1.0,0.0,1.0,0,"[('0', Timestamp('2016-09-10 10:10:23.140000'))]",2016-09-10 10:10:23.140000,2016-09-10 10:10:23.140000,0.0,0.0
60,60,39431623,2016-09-10 23:54:16.557,129.0,0.0,0.0,1.0,39434636,"[('39434636', Timestamp('2016-09-10 23:54:16.557000'))]",2016-09-10 23:54:16.557000,2016-09-10 23:54:16.557000,0.0,0.0
61,61,39553079,2016-09-18 00:51:55.677,25656.0,0.0,32.0,3.0,39554555,"[('39554555', Timestamp('2016-09-18 00:51:55.677000'))]",2016-09-18 00:51:55.677000,2016-09-18 00:51:55.677000,0.0,0.0
62,62,39664716,2016-09-23 15:40:22.307,979.0,4.0,4.0,1.0,39852318,"[('39852318', Timestamp('2016-09-23 15:40:22.307000'))]",2016-09-23 15:40:22.307000,2016-09-23 15:40:22.307000,0.0,0.0
63,63,39853565,2016-10-04 13:24:38.460,1683.0,1.0,1.0,2.0,39998798,"[('39998798', Timestamp('2016-10-04 13:24:38.460000'))]",2016-10-04 13:24:38.460000,2016-10-04 13:24:38.460000,0.0,0.0
64,64,39854207,2016-10-04 13:55:54.240,665.0,0.0,3.0,2.0,0,"[('0', Timestamp('2016-10-04 13:55:54.240000'))]",2016-10-04 13:55:54.240000,2016-10-04 13:55:54.240000,0.0,0.0
65,65,39950763,2016-10-10 03:05:52.343,1106.0,0.0,0.0,1.0,39954717,"[('39954717', Timestamp('2016-10-10 03:05:52.343000'))]",2016-10-10 03:05:52.343000,2016-10-10 03:05:52.343000,0.0,0.0
66,66,40071845,2016-10-16 15:12:36.893,114256.0,2.0,72.0,3.0,40073067,"[('40073067', Timestamp('2016-10-16 15:12:36.893000'))]",2016-10-16 15:12:36.893000,2016-10-16 15:12:36.893000,0.0,0.0
67,67,40206772,2016-10-23 19:08:36.050,338.0,4.0,0.0,1.0,40214420,"[('40214420', Timestamp('2016-10-23 19:08:36.050000'))]",2016-10-23 19:08:36.050000,2016-10-23 19:08:36.050000,0.0,0.0
68,68,40461959,2016-11-07 09:39:11.237,1015.0,8.0,1.0,2.0,40463058,"[('40463058', Timestamp('2016-11-07 09:39:11.237000'))]",2016-11-07 09:39:11.237000,2016-11-07 09:39:11.237000,0.0,0.0
69,69,40550905,2016-11-11 15:16:02.143,139.0,1.0,0.0,1.0,0,"[('0', Timestamp('2016-11-11 15:16:02.143000'))]",2016-11-11 15:16:02.143000,2016-11-11 15:16:02.143000,0.0,0.0
70,70,40565029,2016-11-12 16:31:17.943,99.0,0.0,0.0,1.0,40572930,"[('40572930', Timestamp('2016-11-12 16:31:17.943000'))]",2016-11-12 16:31:17.943000,2016-11-12 16:31:17.943000,0.0,0.0
71,71,40567635,2016-11-12 21:03:50.617,1645.0,4.0,4.0,1.0,40567678,"[('40567678', Timestamp('2016-11-12 21:03:50.617000'))]",2016-11-12 21:03:50.617000,2016-11-12 21:03:50.617000,0.0,0.0
72,72,40587029,2016-11-14 10:54:31.730,59.0,0.0,0.0,1.0,0,"[('0', Timestamp('2016-11-14 10:54:31.730000'))]",2016-11-14 10:54:31.730000,2016-11-14 10:54:31.730000,0.0,0.0
73,73,40752277,2016-11-22 21:49:30.550,1800.0,0.0,3.0,1.0,0,"[('0', Timestamp('2016-11-22 21:49:30.550000'))]",2016-11-22 21:49:30.550000,2016-11-22 21:49:30.550000,0.0,0.0
74,74,40752594,2016-11-22 22:12:24.540,5172.0,3.0,2.0,1.0,0,"[('0', Timestamp('2016-11-22 22:12:24.540000'))]",2016-11-22 22:12:24.540000,2016-11-22 22:12:24.540000,0.0,0.0
75,75,40903366,2016-12-01 05:41:23.520,1760.0,0.0,1.0,2.0,69965620,"[('69965620', Timestamp('2016-12-01 05:41:23.520000'))]",2016-12-01 05:41:23.520000,2016-12-01 05:41:23.520000,0.0,0.0
76,76,41027215,2016-12-07 20:56:04.473,220.0,2.0,1.0,2.0,0,"[('0', Timestamp('2016-12-07 20:56:04.473000'))]",2016-12-07 20:56:04.473000,2016-12-07 20:56:04.473000,0.0,0.0
77,77,41062127,2016-12-09 13:59:38.393,1036.0,2.0,3.0,1.0,0,"[('0', Timestamp('2016-12-09 13:59:38.393000'))]",2016-12-09 13:59:38.393000,2016-12-09 13:59:38.393000,0.0,0.0
78,78,41104310,2016-12-12 15:36:26.593,172.0,0.0,0.0,2.0,41139582,"[('41139582', Timestamp('2016-12-12 15:36:26.593000'))]",2016-12-12 15:36:26.593000,2016-12-12 15:36:26.593000,0.0,0.0
79,79,41186755,2016-12-16 14:40:01.477,44.0,0.0,0.0,1.0,41245371,"[('41245371', Timestamp('2016-12-16 14:40:01.477000'))]",2016-12-16 14:40:01.477000,2016-12-16 14:40:01.477000,0.0,0.0
80,80,41555752,2017-01-09 19:47:29.763,434.0,0.0,1.0,1.0,0,"[('0', Timestamp('2017-01-09 19:47:29.763000'))]",2017-01-09 19:47:29.763000,2017-01-09 19:47:29.763000,0.0,0.0
81,81,41785777,2017-01-21 23:40:30.840,101.0,0.0,0.0,1.0,41786585,"[('41786585', Timestamp('2017-01-21 23:40:30.840000'))]",2017-01-21 23:40:30.840000,2017-01-21 23:40:30.840000,0.0,0.0
82,82,41813873,2017-01-23 19:13:04.410,16646.0,1.0,11.0,2.0,42286957,"[('42286957', Timestamp('2017-01-23 19:13:04.410000'))]",2017-01-23 19:13:04.410000,2017-01-23 19:13:04.410000,0.0,0.0
83,83,41833474,2017-01-24 16:33:28.127,86.0,0.0,0.0,1.0,41863335,"[('41863335', Timestamp('2017-01-24 16:33:28.127000'))]",2017-01-24 16:33:28.127000,2017-01-24 16:33:28.127000,0.0,0.0
84,84,41855451,2017-01-25 15:30:46.930,1646.0,0.0,2.0,1.0,0,"[('0', Timestamp('2017-01-25 15:30:46.930000'))]",2017-01-25 15:30:46.930000,2017-01-25 15:30:46.930000,0.0,0.0
85,85,41878057,2017-01-26 16:18:48.107,1513.0,6.0,10.0,2.0,41895097,"[('41895097', Timestamp('2017-01-26 16:18:48.107000'))]",2017-01-26 16:18:48.107000,2017-01-26 16:18:48.107000,0.0,0.0
86,86,41879823,2017-01-26 17:52:18.253,1118.0,5.0,11.0,1.0,42020794,"[('42020794', Timestamp('2017-01-26 17:52:18.253000'))]",2017-01-26 17:52:18.253000,2017-01-26 17:52:18.253000,0.0,0.0
87,87,41904170,2017-01-27 22:37:34.283,1236.0,2.0,2.0,1.0,41959803,"[('41959803', Timestamp('2017-01-27 22:37:34.283000'))]",2017-01-27 22:37:34.283000,2017-01-27 22:37:34.283000,0.0,0.0
88,88,42036654,2017-02-04 04:59:49.530,84.0,1.0,-3.0,1.0,0,"[('0', Timestamp('2017-02-04 04:59:49.530000'))]",2017-02-04 04:59:49.530000,2017-02-04 04:59:49.530000,0.0,0.0
89,89,42109785,2017-02-08 09:53:30.767,167.0,0.0,0.0,1.0,0,"[('0', Timestamp('2017-02-08 09:53:30.767000'))]",2017-02-08 09:53:30.767000,2017-02-08 09:53:30.767000,0.0,0.0
90,90,42119878,2017-02-08 17:33:00.583,88006.0,0.0,71.0,5.0,0,"[('0', Timestamp('2017-02-08 17:33:00.583000'))]",2017-02-08 17:33:00.583000,2017-02-08 17:33:00.583000,0.0,0.0
91,91,42141313,2017-02-09 15:59:02.547,991.0,0.0,3.0,2.0,51599976,"[('51599976', Timestamp('2017-02-09 15:59:02.547000'))]",2017-02-09 15:59:02.547000,2017-02-09 15:59:02.547000,0.0,0.0
92,92,42196583,2017-02-13 04:13:37.507,10709.0,2.0,10.0,2.0,0,"[('0', Timestamp('2017-02-13 04:13:37.507000'))]",2017-02-13 04:13:37.507000,2017-02-13 04:13:37.507000,0.0,0.0
93,93,42264235,2017-02-16 03:22:04.217,751.0,5.0,1.0,1.0,42264760,"[('42264760', Timestamp('2017-02-16 03:22:04.217000'))]",2017-02-16 03:22:04.217000,2017-02-16 03:22:04.217000,0.0,0.0
94,94,42276468,2017-02-16 14:16:57.113,795.0,0.0,0.0,2.0,42302282,"[('42302282', Timestamp('2017-02-16 14:16:57.113000'))]",2017-02-16 14:16:57.113000,2017-02-16 14:16:57.113000,0.0,0.0
95,95,42291958,2017-02-17 07:31:13.690,114.0,0.0,0.0,2.0,0,"[('0', Timestamp('2017-02-17 07:31:13.690000'))]",2017-02-17 07:31:13.690000,2017-02-17 07:31:13.690000,0.0,0.0
96,96,42464200,2017-02-26 02:51:45.523,752.0,0.0,0.0,1.0,42464222,"[('42464222', Timestamp('2017-02-26 02:51:45.523000'))]",2017-02-26 02:51:45.523000,2017-02-26 02:51:45.523000,0.0,0.0
97,97,42467738,2017-02-26 11:12:09.083,36.0,0.0,0.0,1.0,42468046,"[('42468046', Timestamp('2017-02-26 11:12:09.083000'))]",2017-02-26 11:12:09.083000,2017-02-26 11:12:09.083000,0.0,0.0
98,98,42481240,2017-02-27 08:46:06.087,2353.0,0.0,1.0,1.0,0,"[('0', Timestamp('2017-02-27 08:46:06.087000'))]",2017-02-27 08:46:06.087000,2017-02-27 08:46:06.087000,0.0,0.0
99,99,42501451,2017-02-28 06:11:31.163,32.0,2.0,0.0,1.0,58988860,"[('58988860', Timestamp('2017-02-28 06:11:31.163000'))]",2017-02-28 06:11:31.163000,2017-02-28 06:11:31.163000,0.0,0.0
100,100,42522054,2017-03-01 02:20:58.287,532.0,0.0,0.0,1.0,0,"[('0', Timestamp('2017-03-01 02:20:58.287000'))]",2017-03-01 02:20:58.287000,2017-03-01 02:20:58.287000,0.0,0.0
101,101,42539339,2017-03-01 18:31:39.480,342.0,0.0,0.0,1.0,0,"[('0', Timestamp('2017-03-01 18:31:39.480000'))]",2017-03-01 18:31:39.480000,2017-03-01 18:31:39.480000,0.0,0.0
102,102,42608207,2017-03-05 12:11:39.193,922.0,4.0,0.0,3.0,42623739,"[('42623739', Timestamp('2017-03-05 12:11:39.193000'))]",2017-03-05 12:11:39.193000,2017-03-05 12:11:39.193000,0.0,0.0
103,103,42670393,2017-03-08 11:41:14.737,214.0,3.0,0.0,2.0,0,"[('0', Timestamp('2017-03-08 11:41:14.737000'))]",2017-03-08 11:41:14.737000,2017-03-08 11:41:14.737000,0.0,0.0
104,104,42671982,2017-03-08 12:55:56.413,245.0,0.0,0.0,2.0,42674715,"[('42674715', Timestamp('2017-03-08 12:55:56.413000'))]",2017-03-08 12:55:56.413000,2017-03-08 12:55:56.413000,0.0,0.0
105,105,42710170,2017-03-10 04:19:48.203,1023.0,2.0,0.0,1.0,0,"[('0', Timestamp('2017-03-10 04:19:48.203000'))]",2017-03-10 04:19:48.203000,2017-03-10 04:19:48.203000,0.0,0.0
106,106,42729831,2017-03-11 00:18:26.280,295.0,0.0,0.0,1.0,42735556,"[('42735556', Timestamp('2017-03-11 00:18:26.280000'))]",2017-03-11 00:18:26.280000,2017-03-11 00:18:26.280000,0.0,0.0
107,107,42985857,2017-03-23 19:58:03.217,2578.0,0.0,2.0,1.0,0,"[('0', Timestamp('2017-03-23 19:58:03.217000'))]",2017-03-23 19:58:03.217000,2017-03-23 19:58:03.217000,0.0,0.0
108,108,43129451,2017-03-30 22:31:44.207,8790.0,6.0,15.0,3.0,43183468,"[('43183468', Timestamp('2017-03-30 22:31:44.207000'))]",2017-03-30 22:31:44.207000,2017-03-30 22:31:44.207000,0.0,0.0
109,109,43153965,2017-04-01 07:17:24.097,8155.0,4.0,4.0,2.0,0,"[('0', Timestamp('2017-04-01 07:17:24.097000'))]",2017-04-01 07:17:24.097000,2017-04-01 07:17:24.097000,0.0,0.0
110,110,43160539,2017-04-01 18:31:29.473,29.0,0.0,0.0,1.0,0,"[('0', Timestamp('2017-04-01 18:31:29.473000'))]",2017-04-01 18:31:29.473000,2017-04-01 18:31:29.473000,0.0,0.0
111,111,43234536,2017-04-05 14:45:23.403,5016.0,1.0,12.0,1.0,43980985,"[('43980985', Timestamp('2017-04-05 14:45:23.403000'))]",2017-04-05 14:45:23.403000,2017-04-05 14:45:23.403000,0.0,0.0
112,112,43461280,2017-04-17 23:39:24.370,2600.0,0.0,6.0,1.0,0,"[('0', Timestamp('2017-04-17 23:39:24.370000'))]",2017-04-17 23:39:24.370000,2017-04-17 23:39:24.370000,0.0,0.0
113,113,43464130,2017-04-18 05:17:56.353,159.0,3.0,0.0,1.0,0,"[('0', Timestamp('2017-04-18 05:17:56.353000'))]",2017-04-18 05:17:56.353000,2017-04-18 05:17:56.353000,0.0,0.0
114,114,43635703,2017-04-26 13:30:51.987,2298.0,0.0,1.0,2.0,0,"[('0', Timestamp('2017-04-26 13:30:51.987000'))]",2017-04-26 13:30:51.987000,2017-04-26 13:30:51.987000,0.0,0.0
115,115,43672219,2017-04-28 04:54:31.007,263.0,0.0,0.0,1.0,0,"[('0', Timestamp('2017-04-28 04:54:31.007000'))]",2017-04-28 04:54:31.007000,2017-04-28 04:54:31.007000,0.0,0.0
116,116,43881786,2017-05-10 00:25:43.717,18.0,1.0,0.0,2.0,0,"[('0', Timestamp('2017-05-10 00:25:43.717000'))]",2017-05-10 00:25:43.717000,2017-05-10 00:25:43.717000,0.0,0.0
117,117,43905798,2017-05-11 02:59:36.530,683.0,0.0,1.0,1.0,43906017,"[('43906017', Timestamp('2017-05-11 02:59:36.530000'))]",2017-05-11 02:59:36.530000,2017-05-11 02:59:36.530000,0.0,0.0
118,118,43961114,2017-05-14 06:43:08.017,1044.0,1.0,-1.0,1.0,0,"[('0', Timestamp('2017-05-14 06:43:08.017000'))]",2017-05-14 06:43:08.017000,2017-05-14 06:43:08.017000,0.0,0.0
119,119,44002709,2017-05-16 13:21:21.153,7885.0,0.0,12.0,2.0,47962788,"[('47962788', Timestamp('2017-05-16 13:21:21.153000'))]",2017-05-16 13:21:21.153000,2017-05-16 13:21:21.153000,0.0,0.0
120,120,44100695,2017-05-21 19:00:42.650,1680.0,0.0,2.0,1.0,44100742,"[('44100742', Timestamp('2017-05-21 19:00:42.650000'))]",2017-05-21 19:00:42.650000,2017-05-21 19:00:42.650000,0.0,0.0
121,121,44114906,2017-05-22 14:02:58.763,129.0,0.0,0.0,1.0,44115285,"[('44115285', Timestamp('2017-05-22 14:02:58.763000'))]",2017-05-22 14:02:58.763000,2017-05-22 14:02:58.763000,0.0,0.0
122,122,44318353,2017-06-01 23:00:37.833,53.0,0.0,0.0,1.0,0,"[('0', Timestamp('2017-06-01 23:00:37.833000'))]",2017-06-01 23:00:37.833000,2017-06-01 23:00:37.833000,0.0,0.0
123,123,44456164,2017-06-09 11:04:03.960,521.0,7.0,0.0,2.0,44458372,"[('44458372', Timestamp('2017-06-09 11:04:03.960000'))]",2017-06-09 11:04:03.960000,2017-06-09 11:04:03.960000,0.0,0.0
124,124,44487329,2017-06-11 18:34:32.900,580.0,0.0,0.0,1.0,0,"[('0', Timestamp('2017-06-11 18:34:32.900000'))]",2017-06-11 18:34:32.900000,2017-06-11 18:34:32.900000,0.0,0.0
125,125,44528818,2017-06-13 18:20:31.997,35.0,0.0,0.0,1.0,44530255,"[('44530255', Timestamp('2017-06-13 18:20:31.997000'))]",2017-06-13 18:20:31.997000,2017-06-13 18:20:31.997000,0.0,0.0
126,126,44591514,2017-06-16 14:14:55.447,1199.0,0.0,5.0,1.0,0,"[('0', Timestamp('2017-06-16 14:14:55.447000'))]",2017-06-16 14:14:55.447000,2017-06-16 14:14:55.447000,0.0,0.0
127,127,44601383,2017-06-17 06:06:37.937,228.0,0.0,2.0,1.0,0,"[('0', Timestamp('2017-06-17 06:06:37.937000'))]",2017-06-17 06:06:37.937000,2017-06-17 06:06:37.937000,0.0,0.0
128,128,44697125,2017-06-22 10:44:16.437,977.0,6.0,1.0,1.0,0,"[('0', Timestamp('2017-06-22 10:44:16.437000'))]",2017-06-22 10:44:16.437000,2017-06-22 10:44:16.437000,0.0,0.0
129,129,44859444,2017-07-01 09:36:09.597,136.0,1.0,0.0,1.0,44859660,"[('44859660', Timestamp('2017-07-01 09:36:09.597000'))]",2017-07-01 09:36:09.597000,2017-07-01 09:36:09.597000,0.0,0.0
130,130,44885579,2017-07-03 12:26:14.273,270.0,2.0,0.0,1.0,45042409,"[('45042409', Timestamp('2017-07-03 12:26:14.273000'))]",2017-07-03 12:26:14.273000,2017-07-03 12:26:14.273000,0.0,0.0
131,131,44970329,2017-07-07 12:04:15.430,829.0,0.0,3.0,1.0,44971532,"[('44971532', Timestamp('2017-07-07 12:04:15.430000'))]",2017-07-07 12:04:15.430000,2017-07-07 12:04:15.430000,0.0,0.0
132,132,45019611,2017-07-10 18:49:21.720,115.0,0.0,1.0,1.0,45019635,"[('45019635', Timestamp('2017-07-10 18:49:21.720000'))]",2017-07-10 18:49:21.720000,2017-07-10 18:49:21.720000,0.0,0.0
133,133,45162697,2017-07-18 09:27:08.267,13844.0,0.0,6.0,2.0,0,"[('0', Timestamp('2017-07-18 09:27:08.267000'))]",2017-07-18 09:27:08.267000,2017-07-18 09:27:08.267000,0.0,0.0
134,134,45178131,2017-07-18 22:26:32.823,23.0,0.0,1.0,1.0,0,"[('0', Timestamp('2017-07-18 22:26:32.823000'))]",2017-07-18 22:26:32.823000,2017-07-18 22:26:32.823000,0.0,0.0
135,135,45243036,2017-07-21 17:02:38.587,1684.0,4.0,0.0,1.0,0,"[('0', Timestamp('2017-07-21 17:02:38.587000'))]",2017-07-21 17:02:38.587000,2017-07-21 17:02:38.587000,0.0,0.0
136,136,45275499,2017-07-24 08:19:06.360,310.0,3.0,0.0,1.0,0,"[('0', Timestamp('2017-07-24 08:19:06.360000'))]",2017-07-24 08:19:06.360000,2017-07-24 08:19:06.360000,0.0,0.0
137,137,45288702,2017-07-24 19:35:59.067,1169.0,5.0,2.0,1.0,0,"[('0', Timestamp('2017-07-24 19:35:59.067000'))]",2017-07-24 19:35:59.067000,2017-07-24 19:35:59.067000,0.0,0.0
138,138,45295684,2017-07-25 06:40:02.800,226.0,0.0,0.0,3.0,0,"[('0', Timestamp('2017-07-25 06:40:02.800000'))]",2017-07-25 06:40:02.800000,2017-07-25 06:40:02.800000,0.0,0.0
139,139,45330552,2017-07-26 14:54:06.420,1280.0,1.0,2.0,2.0,45331045,"[('45331045', Timestamp('2017-07-26 14:54:06.420000'))]",2017-07-26 14:54:06.420000,2017-07-26 14:54:06.420000,0.0,0.0
140,140,45471340,2017-08-02 21:31:27.990,68.0,0.0,0.0,1.0,0,"[('0', Timestamp('2017-08-02 21:31:27.990000'))]",2017-08-02 21:31:27.990000,2017-08-02 21:31:27.990000,0.0,0.0
141,141,45597301,2017-08-09 17:38:51.530,1492.0,3.0,0.0,2.0,0,"[('0', Timestamp('2017-08-09 17:38:51.530000'))]",2017-08-09 17:38:51.530000,2017-08-09 17:38:51.530000,0.0,0.0
142,142,45702909,2017-08-15 23:20:00.447,143.0,7.0,0.0,1.0,45719580,"[('45719580', Timestamp('2017-08-15 23:20:00.447000'))]",2017-08-15 23:20:00.447000,2017-08-15 23:20:00.447000,0.0,0.0
143,143,45806156,2017-08-21 22:03:19.177,1576.0,0.0,1.0,1.0,45824882,"[('45824882', Timestamp('2017-08-21 22:03:19.177000'))]",2017-08-21 22:03:19.177000,2017-08-21 22:03:19.177000,0.0,0.0
144,144,45882060,2017-08-25 13:01:03.937,450.0,3.0,0.0,1.0,0,"[('0', Timestamp('2017-08-25 13:01:03.937000'))]",2017-08-25 13:01:03.937000,2017-08-25 13:01:03.937000,0.0,0.0
145,145,46072040,2017-09-06 09:49:34.477,1770.0,0.0,5.0,2.0,46333436,"[('46333436', Timestamp('2017-09-06 09:49:34.477000'))]",2017-09-06 09:49:34.477000,2017-09-06 09:49:34.477000,0.0,0.0
146,146,46166381,2017-09-12 01:07:24.147,6161.0,0.0,6.0,4.0,0,"[('0', Timestamp('2017-09-12 01:07:24.147000'))]",2017-09-12 01:07:24.147000,2017-09-12 01:07:24.147000,0.0,0.0
147,147,46204558,2017-09-13 18:31:02.377,616.0,1.0,5.0,1.0,46953917,"[('46953917', Timestamp('2017-09-13 18:31:02.377000'))]",2017-09-13 18:31:02.377000,2017-09-13 18:31:02.377000,0.0,0.0
148,148,46247901,2017-09-15 21:51:12.950,130.0,0.0,0.0,1.0,46282542,"[('46282542', Timestamp('2017-09-15 21:51:12.950000'))]",2017-09-15 21:51:12.950000,2017-09-15 21:51:12.950000,0.0,0.0
149,149,46290023,2017-09-19 00:31:24.920,2551.0,4.0,3.0,1.0,0,"[('0', Timestamp('2017-09-19 00:31:24.920000'))]",2017-09-19 00:31:24.920000,2017-09-19 00:31:24.920000,0.0,0.0
150,150,46364957,2017-09-22 12:34:10.130,50.0,2.0,0.0,1.0,0,"[('0', Timestamp('2017-09-22 12:34:10.130000'))]",2017-09-22 12:34:10.130000,2017-09-22 12:34:10.130000,0.0,0.0
151,151,46480982,2017-09-29 02:39:09.760,57.0,0.0,-2.0,1.0,0,"[('0', Timestamp('2017-09-29 02:39:09.760000'))]",2017-09-29 02:39:09.760000,2017-09-29 02:39:09.760000,0.0,0.0
152,152,46554393,2017-10-03 22:31:24.753,407.0,0.0,3.0,3.0,0,"[('0', Timestamp('2017-10-03 22:31:24.753000'))]",2017-10-03 22:31:24.753000,2017-10-03 22:31:24.753000,0.0,0.0
153,153,46582655,2017-10-05 09:50:34.550,4452.0,0.0,2.0,1.0,46586510,"[('46586510', Timestamp('2017-10-05 09:50:34.550000'))]",2017-10-05 09:50:34.550000,2017-10-05 09:50:34.550000,0.0,0.0
154,154,46675478,2017-10-10 20:31:24.900,21.0,0.0,0.0,1.0,0,"[('0', Timestamp('2017-10-10 20:31:24.900000'))]",2017-10-10 20:31:24.900000,2017-10-10 20:31:24.900000,0.0,0.0
155,155,46993255,2017-10-28 18:48:11.847,436.0,1.0,1.0,1.0,46993586,"[('46993586', Timestamp('2017-10-28 18:48:11.847000'))]",2017-10-28 18:48:11.847000,2017-10-28 18:48:11.847000,0.0,0.0
156,156,46999343,2017-10-29 10:56:20.577,1152.0,0.0,4.0,2.0,46999390,"[('46999390', Timestamp('2017-10-29 10:56:20.577000'))]",2017-10-29 10:56:20.577000,2017-10-29 10:56:20.577000,0.0,0.0
157,157,47127888,2017-11-05 23:49:42.127,984.0,0.0,3.0,2.0,47129305,"[('47129305', Timestamp('2017-11-05 23:49:42.127000'))]",2017-11-05 23:49:42.127000,2017-11-05 23:49:42.127000,0.0,0.0
158,158,47212064,2017-11-09 21:43:56.243,7472.0,2.0,10.0,1.0,0,"[('0', Timestamp('2017-11-09 21:43:56.243000'))]",2017-11-09 21:43:56.243000,2017-11-09 21:43:56.243000,0.0,0.0
159,159,47239037,2017-11-11 14:35:15.220,93.0,0.0,1.0,1.0,0,"[('0', Timestamp('2017-11-11 14:35:15.220000'))]",2017-11-11 14:35:15.220000,2017-11-11 14:35:15.220000,0.0,0.0
160,160,47316693,2017-11-15 20:30:30.027,1952.0,4.0,1.0,1.0,0,"[('0', Timestamp('2017-11-15 20:30:30.027000'))]",2017-11-15 20:30:30.027000,2017-11-15 20:30:30.027000,0.0,0.0
161,161,47316787,2017-11-15 20:36:41.857,7779.0,1.0,3.0,2.0,47329707,"[('47329707', Timestamp('2017-11-15 20:36:41.857000'))]",2017-11-15 20:36:41.857000,2017-11-15 20:36:41.857000,0.0,0.0
162,162,47781976,2017-12-12 21:38:09.380,43.0,0.0,0.0,1.0,47968554,"[('47968554', Timestamp('2017-12-12 21:38:09.380000'))]",2017-12-12 21:38:09.380000,2017-12-12 21:38:09.380000,0.0,0.0
163,163,47892691,2017-12-19 17:57:22.300,7940.0,2.0,9.0,3.0,47892752,"[('47892752', Timestamp('2017-12-19 17:57:22.300000'))]",2017-12-19 17:57:22.300000,2017-12-19 17:57:22.300000,0.0,0.0
164,164,48030232,2017-12-30 01:51:17.380,965.0,0.0,0.0,1.0,48034627,"[('48034627', Timestamp('2017-12-30 01:51:17.380000'))]",2017-12-30 01:51:17.380000,2017-12-30 01:51:17.380000,0.0,0.0
165,165,48227717,2018-01-12 13:55:39.037,382.0,0.0,2.0,1.0,48227753,"[('48227753', Timestamp('2018-01-12 13:55:39.037000'))]",2018-01-12 13:55:39.037000,2018-01-12 13:55:39.037000,0.0,0.0
166,166,48318401,2018-01-18 09:57:11.747,5080.0,0.0,10.0,1.0,48319106,"[('48319106', Timestamp('2018-01-18 09:57:11.747000'))]",2018-01-18 09:57:11.747000,2018-01-18 09:57:11.747000,0.0,0.0
167,167,48338799,2018-01-19 10:20:34.323,2673.0,0.0,3.0,3.0,48339008,"[('48339008', Timestamp('2018-01-19 10:20:34.323000'))]",2018-01-19 10:20:34.323000,2018-01-19 10:20:34.323000,0.0,0.0
168,168,48354539,2018-01-20 09:31:42.653,471.0,2.0,0.0,1.0,0,"[('0', Timestamp('2018-01-20 09:31:42.653000'))]",2018-01-20 09:31:42.653000,2018-01-20 09:31:42.653000,0.0,0.0
169,169,48405721,2018-01-23 15:49:19.647,14518.0,7.0,8.0,2.0,0,"[('0', Timestamp('2018-01-23 15:49:19.647000'))]",2018-01-23 15:49:19.647000,2018-01-23 15:49:19.647000,0.0,0.0
170,170,48487219,2018-01-28 14:08:56.747,249.0,0.0,0.0,1.0,48487799,"[('48487799', Timestamp('2018-01-28 14:08:56.747000'))]",2018-01-28 14:08:56.747000,2018-01-28 14:08:56.747000,0.0,0.0
171,171,48620644,2018-02-05 10:38:00.760,76.0,0.0,0.0,2.0,0,"[('0', Timestamp('2018-02-05 10:38:00.760000'))]",2018-02-05 10:38:00.760000,2018-02-05 10:38:00.760000,0.0,0.0
172,172,48637937,2018-02-06 07:49:00.813,50.0,0.0,-1.0,1.0,0,"[('0', Timestamp('2018-02-06 07:49:00.813000'))]",2018-02-06 07:49:00.813000,2018-02-06 07:49:00.813000,0.0,0.0
173,173,48668874,2018-02-07 16:36:11.163,912.0,8.0,1.0,1.0,48676656,"[('48676656', Timestamp('2018-02-07 16:36:11.163000'))]",2018-02-07 16:36:11.163000,2018-02-07 16:36:11.163000,0.0,0.0
174,174,48745780,2018-02-12 11:46:33.323,46.0,0.0,-1.0,1.0,0,"[('0', Timestamp('2018-02-12 11:46:33.323000'))]",2018-02-12 11:46:33.323000,2018-02-12 11:46:33.323000,0.0,0.0
175,175,48749857,2018-02-12 15:27:29.173,1169.0,0.0,2.0,1.0,0,"[('0', Timestamp('2018-02-12 15:27:29.173000'))]",2018-02-12 15:27:29.173000,2018-02-12 15:27:29.173000,0.0,0.0
176,176,48764040,2018-02-13 10:03:00.847,4306.0,0.0,3.0,1.0,48784641,"[('48784641', Timestamp('2018-02-13 10:03:00.847000'))]",2018-02-13 10:03:00.847000,2018-02-13 10:03:00.847000,0.0,0.0
177,177,48803199,2018-02-15 08:52:43.940,136.0,0.0,1.0,1.0,48804117,"[('48804117', Timestamp('2018-02-15 08:52:43.940000'))]",2018-02-15 08:52:43.940000,2018-02-15 08:52:43.940000,0.0,0.0
178,178,48888455,2018-02-20 15:16:29.600,895.0,1.0,2.0,1.0,0,"[('0', Timestamp('2018-02-20 15:16:29.600000'))]",2018-02-20 15:16:29.600000,2018-02-20 15:16:29.600000,0.0,0.0
179,179,48910236,2018-02-21 15:58:17.027,608.0,0.0,0.0,1.0,48910721,"[('48910721', Timestamp('2018-02-21 15:58:17.027000'))]",2018-02-21 15:58:17.027000,2018-02-21 15:58:17.027000,0.0,0.0
180,180,49036239,2018-02-28 18:28:10.797,3073.0,0.0,5.0,2.0,49037735,"[('49037735', Timestamp('2018-02-28 18:28:10.797000'))]",2018-02-28 18:28:10.797000,2018-02-28 18:28:10.797000,0.0,0.0
181,181,49250017,2018-03-13 06:58:17.513,76.0,0.0,0.0,4.0,0,"[('0', Timestamp('2018-03-13 06:58:17.513000'))]",2018-03-13 06:58:17.513000,2018-03-13 06:58:17.513000,0.0,0.0
182,182,49269124,2018-03-14 03:04:05.523,308.0,0.0,0.0,1.0,0,"[('0', Timestamp('2018-03-14 03:04:05.523000'))]",2018-03-14 03:04:05.523000,2018-03-14 03:04:05.523000,0.0,0.0
183,183,49358898,2018-03-19 08:51:22.007,1856.0,1.0,2.0,1.0,0,"[('0', Timestamp('2018-03-19 08:51:22.007000'))]",2018-03-19 08:51:22.007000,2018-03-19 08:51:22.007000,0.0,0.0
184,184,49396401,2018-03-21 00:44:14.760,3799.0,0.0,1.0,1.0,49406979,"[('49406979', Timestamp('2018-03-21 00:44:14.760000'))]",2018-03-21 00:44:14.760000,2018-03-21 00:44:14.760000,0.0,0.0
185,185,49408651,2018-03-21 14:12:10.207,400.0,0.0,1.0,2.0,49423782,"[('49423782', Timestamp('2018-03-21 14:12:10.207000'))]",2018-03-21 14:12:10.207000,2018-03-21 14:12:10.207000,0.0,0.0
186,186,49416555,2018-03-21 21:09:11.890,6004.0,1.0,4.0,3.0,51281074,"[('51281074', Timestamp('2018-03-21 21:09:11.890000'))]",2018-03-21 21:09:11.890000,2018-03-21 21:09:11.890000,0.0,0.0
187,187,49467408,2018-03-24 17:00:42.707,12007.0,0.0,21.0,3.0,49467521,"[('49467521', Timestamp('2018-03-24 17:00:42.707000'))]",2018-03-24 17:00:42.707000,2018-03-24 17:00:42.707000,0.0,0.0
188,188,49675203,2018-04-05 14:44:38.627,1410.0,0.0,2.0,1.0,0,"[('0', Timestamp('2018-04-05 14:44:38.627000'))]",2018-04-05 14:44:38.627000,2018-04-05 14:44:38.627000,0.0,0.0
189,189,49705960,2018-04-07 09:40:57.340,3079.0,0.0,1.0,2.0,0,"[('0', Timestamp('2018-04-07 09:40:57.340000'))]",2018-04-07 09:40:57.340000,2018-04-07 09:40:57.340000,0.0,0.0
190,190,49748141,2018-04-10 07:48:27.817,2908.0,3.0,3.0,2.0,0,"[('0', Timestamp('2018-04-10 07:48:27.817000'))]",2018-04-10 07:48:27.817000,2018-04-10 07:48:27.817000,0.0,0.0
191,191,49771123,2018-04-11 09:14:56.277,798.0,0.0,0.0,1.0,0,"[('0', Timestamp('2018-04-11 09:14:56.277000'))]",2018-04-11 09:14:56.277000,2018-04-11 09:14:56.277000,0.0,0.0
192,192,49806021,2018-04-12 21:17:34.540,161.0,0.0,0.0,1.0,49811250,"[('49811250', Timestamp('2018-04-12 21:17:34.540000'))]",2018-04-12 21:17:34.540000,2018-04-12 21:17:34.540000,0.0,0.0
193,193,49894620,2018-04-18 08:18:44.587,361805.0,3.0,160.0,15.0,51224061,"[('51224061', Timestamp('2018-04-18 08:18:44.587000'))]",2018-04-18 08:18:44.587000,2018-04-18 08:18:44.587000,0.0,0.0
194,194,49942558,2018-04-20 13:16:48.740,36649.0,0.0,27.0,6.0,49971434,"[('49971434', Timestamp('2018-04-20 13:16:48.740000'))]",2018-04-20 13:16:48.740000,2018-04-20 13:16:48.740000,0.0,0.0
195,195,50048130,2018-04-26 16:41:14.380,293.0,0.0,0.0,1.0,0,"[('0', Timestamp('2018-04-26 16:41:14.380000'))]",2018-04-26 16:41:14.380000,2018-04-26 16:41:14.380000,0.0,0.0
196,196,50293715,2018-05-11 13:43:02.233,26.0,1.0,0.0,2.0,50298660,"[('50298660', Timestamp('2018-05-11 13:43:02.233000'))]",2018-05-11 13:43:02.233000,2018-05-11 13:43:02.233000,0.0,0.0
197,197,50316950,2018-05-13 14:07:05.140,3519.0,1.0,3.0,1.0,50319585,"[('50319585', Timestamp('2018-05-13 14:07:05.140000'))]",2018-05-13 14:07:05.140000,2018-05-13 14:07:05.140000,0.0,0.0
198,198,50322059,2018-05-14 01:21:18.550,4237.0,2.0,0.0,2.0,50430432,"[('50430432', Timestamp('2018-05-14 01:21:18.550000'))]",2018-05-14 01:21:18.550000,2018-05-14 01:21:18.550000,0.0,0.0
199,199,50474126,2018-05-22 18:18:22.163,9111.0,11.0,18.0,5.0,0,"[('0', Timestamp('2018-05-22 18:18:22.163000'))]",2018-05-22 18:18:22.163000,2018-05-22 18:18:22.163000,0.0,0.0
200,200,50500449,2018-05-24 03:25:15.057,6497.0,0.0,3.0,2.0,50521379,"[('50521379', Timestamp('2018-05-24 03:25:15.057000'))]",2018-05-24 03:25:15.057000,2018-05-24 03:25:15.057000,0.0,0.0
201,201,50717406,2018-06-06 09:53:32.473,1310.0,0.0,4.0,2.0,0,"[('0', Timestamp('2018-06-06 09:53:32.473000'))]",2018-06-06 09:53:32.473000,2018-06-06 09:53:32.473000,0.0,0.0
202,202,50750000,2018-06-07 20:52:54.983,337.0,6.0,0.0,1.0,50751002,"[('50751002', Timestamp('2018-06-07 20:52:54.983000'))]",2018-06-07 20:52:54.983000,2018-06-07 20:52:54.983000,0.0,0.0
203,203,50781485,2018-06-10 07:31:09.760,717.0,0.0,2.0,1.0,50781593,"[('50781593', Timestamp('2018-06-10 07:31:09.760000'))]",2018-06-10 07:31:09.760000,2018-06-10 07:31:09.760000,0.0,0.0
204,204,50802267,2018-06-11 16:29:16.393,1378.0,1.0,7.0,1.0,50803564,"[('50803564', Timestamp('2018-06-11 16:29:16.393000'))]",2018-06-11 16:29:16.393000,2018-06-11 16:29:16.393000,0.0,0.0
205,205,50869542,2018-06-15 05:23:50.483,213.0,5.0,0.0,1.0,50869846,"[('50869846', Timestamp('2018-06-15 05:23:50.483000'))]",2018-06-15 05:23:50.483000,2018-06-15 05:23:50.483000,0.0,0.0
206,206,50889670,2018-06-16 16:28:21.613,783.0,0.0,0.0,1.0,0,"[('0', Timestamp('2018-06-16 16:28:21.613000'))]",2018-06-16 16:28:21.613000,2018-06-16 16:28:21.613000,0.0,0.0
207,207,50893938,2018-06-17 05:21:57.203,273.0,2.0,0.0,1.0,0,"[('0', Timestamp('2018-06-17 05:21:57.203000'))]",2018-06-17 05:21:57.203000,2018-06-17 05:21:57.203000,0.0,0.0
208,208,51005246,2018-06-23 21:38:40.293,1585.0,1.0,0.0,1.0,51006707,"[('51006707', Timestamp('2018-06-23 21:38:40.293000'))]",2018-06-23 21:38:40.293000,2018-06-23 21:38:40.293000,0.0,0.0
209,209,51212874,2018-07-06 14:45:15.473,10412.0,0.0,3.0,2.0,51213567,"[('51213567', Timestamp('2018-07-06 14:45:15.473000'))]",2018-07-06 14:45:15.473000,2018-07-06 14:45:15.473000,0.0,0.0
210,210,51391435,2018-07-17 23:18:49.353,146.0,0.0,1.0,1.0,51410001,"[('51410001', Timestamp('2018-07-17 23:18:49.353000'))]",2018-07-17 23:18:49.353000,2018-07-17 23:18:49.353000,0.0,0.0
211,211,51422265,2018-07-19 12:05:01.537,98.0,1.0,0.0,2.0,0,"[('0', Timestamp('2018-07-19 12:05:01.537000'))]",2018-07-19 12:05:01.537000,2018-07-19 12:05:01.537000,0.0,0.0
212,212,51493684,2018-07-24 08:13:07.927,263.0,0.0,0.0,1.0,51497581,"[('51497581', Timestamp('2018-07-24 08:13:07.927000'))]",2018-07-24 08:13:07.927000,2018-07-24 08:13:07.927000,0.0,0.0
213,213,51719364,2018-08-07 05:24:52.633,42.0,0.0,0.0,1.0,51833593,"[('51833593', Timestamp('2018-08-07 05:24:52.633000'))]",2018-08-07 05:24:52.633000,2018-08-07 05:24:52.633000,0.0,0.0
214,214,51828149,2018-08-13 18:05:19.040,2697.0,0.0,0.0,2.0,0,"[('0', Timestamp('2018-08-13 18:05:19.040000'))]",2018-08-13 18:05:19.040000,2018-08-13 18:05:19.040000,0.0,0.0
215,215,51979632,2018-08-23 06:35:03.227,908.0,0.0,0.0,1.0,0,"[('0', Timestamp('2018-08-23 06:35:03.227000'))]",2018-08-23 06:35:03.227000,2018-08-23 06:35:03.227000,0.0,0.0
216,216,52023051,2018-08-26 03:53:49.520,32.0,2.0,0.0,1.0,0,"[('0', Timestamp('2018-08-26 03:53:49.520000'))]",2018-08-26 03:53:49.520000,2018-08-26 03:53:49.520000,0.0,0.0
217,217,52048395,2018-08-28 00:03:58.853,936.0,1.0,2.0,2.0,52065467,"[('52065467', Timestamp('2018-08-28 00:03:58.853000'))]",2018-08-28 00:03:58.853000,2018-08-28 00:03:58.853000,0.0,0.0
218,218,52083629,2018-08-29 18:00:49.830,2054.0,10.0,10.0,3.0,0,"[('0', Timestamp('2018-08-29 18:00:49.830000'))]",2018-08-29 18:00:49.830000,2018-08-29 18:00:49.830000,0.0,0.0
219,219,52160572,2018-09-04 07:02:14.297,133.0,0.0,0.0,2.0,0,"[('0', Timestamp('2018-09-04 07:02:14.297000'))]",2018-09-04 07:02:14.297000,2018-09-04 07:02:14.297000,0.0,0.0
220,220,52196456,2018-09-06 04:19:50.920,4427.0,9.0,1.0,1.0,52196936,"[('52196936', Timestamp('2018-09-06 04:19:50.920000'))]",2018-09-06 04:19:50.920000,2018-09-06 04:19:50.920000,0.0,0.0
221,221,52402858,2018-09-19 09:42:47.130,21516.0,1.0,7.0,2.0,0,"[('0', Timestamp('2018-09-19 09:42:47.130000'))]",2018-09-19 09:42:47.130000,2018-09-19 09:42:47.130000,0.0,0.0
222,222,52407011,2018-09-19 13:27:10.707,70.0,0.0,0.0,1.0,0,"[('0', Timestamp('2018-09-19 13:27:10.707000'))]",2018-09-19 13:27:10.707000,2018-09-19 13:27:10.707000,0.0,0.0
223,223,52451883,2018-09-21 22:49:51.077,1752.0,2.0,2.0,1.0,0,"[('0', Timestamp('2018-09-21 22:49:51.077000'))]",2018-09-21 22:49:51.077000,2018-09-21 22:49:51.077000,0.0,0.0
224,224,52508583,2018-09-26 01:09:32.887,1006.0,0.0,0.0,2.0,0,"[('0', Timestamp('2018-09-26 01:09:32.887000'))]",2018-09-26 01:09:32.887000,2018-09-26 01:09:32.887000,0.0,0.0
225,225,52596315,2018-10-01 17:49:19.647,155.0,2.0,0.0,1.0,0,"[('0', Timestamp('2018-10-01 17:49:19.647000'))]",2018-10-01 17:49:19.647000,2018-10-01 17:49:19.647000,0.0,0.0
226,226,52606707,2018-10-02 10:39:54.997,70619.0,4.0,27.0,20.0,0,"[('0', Timestamp('2018-10-02 10:39:54.997000'))]",2018-10-02 10:39:54.997000,2018-10-02 10:39:54.997000,0.0,0.0
227,227,52683475,2018-10-06 21:26:19.443,3210.0,3.0,1.0,1.0,0,"[('0', Timestamp('2018-10-06 21:26:19.443000'))]",2018-10-06 21:26:19.443000,2018-10-06 21:26:19.443000,0.0,0.0
228,228,52726824,2018-10-09 17:57:58.353,270.0,0.0,0.0,1.0,0,"[('0', Timestamp('2018-10-09 17:57:58.353000'))]",2018-10-09 17:57:58.353000,2018-10-09 17:57:58.353000,0.0,0.0
229,229,52806356,2018-10-14 19:32:06.420,368.0,0.0,0.0,2.0,52806910,"[('52806910', Timestamp('2018-10-14 19:32:06.420000'))]",2018-10-14 19:32:06.420000,2018-10-14 19:32:06.420000,0.0,0.0
230,230,52844782,2018-10-16 22:20:58.987,2023.0,1.0,3.0,1.0,0,"[('0', Timestamp('2018-10-16 22:20:58.987000'))]",2018-10-16 22:20:58.987000,2018-10-16 22:20:58.987000,0.0,0.0
231,231,52857320,2018-10-17 14:27:26.850,61.0,2.0,0.0,1.0,52870245,"[('52870245', Timestamp('2018-10-17 14:27:26.850000'))]",2018-10-17 14:27:26.850000,2018-10-17 14:27:26.850000,0.0,0.0
232,232,52902251,2018-10-20 03:49:05.910,76.0,0.0,1.0,1.0,0,"[('0', Timestamp('2018-10-20 03:49:05.910000'))]",2018-10-20 03:49:05.910000,2018-10-20 03:49:05.910000,0.0,0.0
233,233,52933005,2018-10-22 15:37:31.223,1599.0,0.0,3.0,1.0,52933420,"[('52933420', Timestamp('2018-10-22 15:37:31.223000'))]",2018-10-22 15:37:31.223000,2018-10-22 15:37:31.223000,0.0,0.0
234,234,53028279,2018-10-28 04:02:43.507,119.0,0.0,0.0,1.0,0,"[('0', Timestamp('2018-10-28 04:02:43.507000'))]",2018-10-28 04:02:43.507000,2018-10-28 04:02:43.507000,0.0,0.0
235,235,53105491,2018-11-01 16:32:30.517,370.0,3.0,2.0,1.0,53111312,"[('53111312', Timestamp('2018-11-01 16:32:30.517000'))]",2018-11-01 16:32:30.517000,2018-11-01 16:32:30.517000,0.0,0.0
236,236,53230674,2018-11-09 17:31:37.077,16898.0,0.0,18.0,3.0,53231113,"[('53231113', Timestamp('2018-11-09 17:31:37.077000'))]",2018-11-09 17:31:37.077000,2018-11-09 17:31:37.077000,0.0,0.0
237,237,53423170,2018-11-22 02:46:05.607,356.0,3.0,0.0,1.0,0,"[('0', Timestamp('2018-11-22 02:46:05.607000'))]",2018-11-22 02:46:05.607000,2018-11-22 02:46:05.607000,0.0,0.0
238,238,53427197,2018-11-22 09:01:27.017,22.0,0.0,0.0,1.0,0,"[('0', Timestamp('2018-11-22 09:01:27.017000'))]",2018-11-22 09:01:27.017000,2018-11-22 09:01:27.017000,0.0,0.0
239,239,53574511,2018-12-01 19:51:36.843,126.0,0.0,0.0,1.0,0,"[('0', Timestamp('2018-12-01 19:51:36.843000'))]",2018-12-01 19:51:36.843000,2018-12-01 19:51:36.843000,0.0,0.0
240,240,53579310,2018-12-02 10:17:51.273,1614.0,4.0,0.0,2.0,0,"[('0', Timestamp('2018-12-02 10:17:51.273000'))]",2018-12-02 10:17:51.273000,2018-12-02 10:17:51.273000,0.0,0.0
241,241,53685871,2018-12-08 18:57:00.640,1186.0,0.0,1.0,2.0,53686166,"[('53686166', Timestamp('2018-12-08 18:57:00.640000'))]",2018-12-08 18:57:00.640000,2018-12-08 18:57:00.640000,0.0,0.0
242,242,53690282,2018-12-09 07:28:38.430,13113.0,3.0,12.0,1.0,53718036,"[('53718036', Timestamp('2018-12-09 07:28:38.430000'))]",2018-12-09 07:28:38.430000,2018-12-09 07:28:38.430000,0.0,0.0
243,243,53859452,2018-12-19 21:32:33.930,14.0,0.0,0.0,1.0,53866265,"[('53866265', Timestamp('2018-12-19 21:32:33.930000'))]",2018-12-19 21:32:33.930000,2018-12-19 21:32:33.930000,0.0,0.0
244,244,53947626,2018-12-27 15:53:01.263,4031.0,0.0,5.0,2.0,53947709,"[('53947709', Timestamp('2018-12-27 15:53:01.263000'))]",2018-12-27 15:53:01.263000,2018-12-27 15:53:01.263000,0.0,0.0
245,245,53957051,2018-12-28 10:29:38.680,1178.0,4.0,3.0,2.0,0,"[('0', Timestamp('2018-12-28 10:29:38.680000'))]",2018-12-28 10:29:38.680000,2018-12-28 10:29:38.680000,0.0,0.0
246,246,54035481,2019-01-04 08:35:07.187,72.0,1.0,0.0,1.0,0,"[('0', Timestamp('2019-01-04 08:35:07.187000'))]",2019-01-04 08:35:07.187000,2019-01-04 08:35:07.187000,0.0,0.0
247,247,54133942,2019-01-10 17:25:25.770,2352.0,7.0,4.0,3.0,0,"[('0', Timestamp('2019-01-10 17:25:25.770000'))]",2019-01-10 17:25:25.770000,2019-01-10 17:25:25.770000,0.0,0.0
248,248,54152455,2019-01-11 18:56:06.163,1423.0,3.0,3.0,1.0,0,"[('0', Timestamp('2019-01-11 18:56:06.163000'))]",2019-01-11 18:56:06.163000,2019-01-11 18:56:06.163000,0.0,0.0
249,249,54235173,2019-01-17 11:42:07.590,300.0,3.0,0.0,1.0,54235777,"[('54235777', Timestamp('2019-01-17 11:42:07.590000'))]",2019-01-17 11:42:07.590000,2019-01-17 11:42:07.590000,0.0,0.0
250,250,54531890,2019-02-05 10:06:22.810,58.0,1.0,0.0,1.0,0,"[('0', Timestamp('2019-02-05 10:06:22.810000'))]",2019-02-05 10:06:22.810000,2019-02-05 10:06:22.810000,0.0,0.0
251,251,54596756,2019-02-08 16:40:40.960,1090.0,2.0,1.0,2.0,0,"[('0', Timestamp('2019-02-08 16:40:40.960000'))]",2019-02-08 16:40:40.960000,2019-02-08 16:40:40.960000,0.0,0.0
252,252,54700981,2019-02-15 00:11:31.330,900.0,0.0,1.0,1.0,54701079,"[('54701079', Timestamp('2019-02-15 00:11:31.330000'))]",2019-02-15 00:11:31.330000,2019-02-15 00:11:31.330000,0.0,0.0
253,253,54834889,2019-02-22 20:46:04.533,164.0,0.0,0.0,1.0,0,"[('0', Timestamp('2019-02-22 20:46:04.533000'))]",2019-02-22 20:46:04.533000,2019-02-22 20:46:04.533000,0.0,0.0
254,254,55040708,2019-03-07 09:49:43.403,577.0,0.0,2.0,2.0,0,"[('0', Timestamp('2019-03-07 09:49:43.403000'))]",2019-03-07 09:49:43.403000,2019-03-07 09:49:43.403000,0.0,0.0
255,255,55147038,2019-03-13 16:40:43.320,165.0,2.0,0.0,1.0,55147168,"[('55147168', Timestamp('2019-03-13 16:40:43.320000'))]",2019-03-13 16:40:43.320000,2019-03-13 16:40:43.320000,0.0,0.0
256,256,55198292,2019-03-16 15:14:46.157,24.0,1.0,-3.0,1.0,55215930,"[('55215930', Timestamp('2019-03-16 15:14:46.157000'))]",2019-03-16 15:14:46.157000,2019-03-16 15:14:46.157000,0.0,0.0
257,257,55199069,2019-03-16 16:38:55.447,371.0,2.0,-1.0,1.0,0,"[('0', Timestamp('2019-03-16 16:38:55.447000'))]",2019-03-16 16:38:55.447000,2019-03-16 16:38:55.447000,0.0,0.0
258,258,55379125,2019-03-27 14:02:12.007,932.0,0.0,1.0,1.0,55394335,"[('55394335', Timestamp('2019-03-27 14:02:12.007000'))]",2019-03-27 14:02:12.007000,2019-03-27 14:02:12.007000,0.0,0.0
259,259,55505100,2019-04-03 22:13:34.713,147.0,0.0,1.0,1.0,55505511,"[('55505511', Timestamp('2019-04-03 22:13:34.713000'))]",2019-04-03 22:13:34.713000,2019-04-03 22:13:34.713000,0.0,0.0
260,260,55524728,2019-04-04 20:53:27.677,5653.0,1.0,1.0,1.0,0,"[('0', Timestamp('2019-04-04 20:53:27.677000'))]",2019-04-04 20:53:27.677000,2019-04-04 20:53:27.677000,0.0,0.0
261,261,55616281,2019-04-10 15:27:32.743,198.0,0.0,1.0,1.0,55682461,"[('55682461', Timestamp('2019-04-10 15:27:32.743000'))]",2019-04-10 15:27:32.743000,2019-04-10 15:27:32.743000,0.0,0.0
262,262,55619197,2019-04-10 18:32:41.747,139.0,0.0,3.0,1.0,55619266,"[('55619266', Timestamp('2019-04-10 18:32:41.747000'))]",2019-04-10 18:32:41.747000,2019-04-10 18:32:41.747000,0.0,0.0
263,263,55796625,2019-04-22 15:12:11.037,40.0,2.0,1.0,1.0,0,"[('0', Timestamp('2019-04-22 15:12:11.037000'))]",2019-04-22 15:12:11.037000,2019-04-22 15:12:11.037000,0.0,0.0
264,264,55843678,2019-04-25 07:09:10.610,368.0,3.0,0.0,1.0,55846007,"[('55846007', Timestamp('2019-04-25 07:09:10.610000'))]",2019-04-25 07:09:10.610000,2019-04-25 07:09:10.610000,0.0,0.0
265,265,55855291,2019-04-25 18:07:57.020,41.0,0.0,1.0,1.0,0,"[('0', Timestamp('2019-04-25 18:07:57.020000'))]",2019-04-25 18:07:57.020000,2019-04-25 18:07:57.020000,0.0,0.0
266,266,55894591,2019-04-28 21:08:44.243,72.0,1.0,-2.0,2.0,55894799,"[('55894799', Timestamp('2019-04-28 21:08:44.243000'))]",2019-04-28 21:08:44.243000,2019-04-28 21:08:44.243000,0.0,0.0
267,267,55961880,2019-05-03 00:36:14.383,176.0,0.0,0.0,1.0,0,"[('0', Timestamp('2019-05-03 00:36:14.383000'))]",2019-05-03 00:36:14.383000,2019-05-03 00:36:14.383000,0.0,0.0
268,268,56143742,2019-05-15 07:25:47.390,353.0,0.0,1.0,1.0,56143743,"[('56143743', Timestamp('2019-05-15 07:25:47.390000'))]",2019-05-15 07:25:47.390000,2019-05-15 07:25:47.390000,0.0,0.0
269,269,56324542,2019-05-27 10:45:39.727,377.0,0.0,0.0,1.0,0,"[('0', Timestamp('2019-05-27 10:45:39.727000'))]",2019-05-27 10:45:39.727000,2019-05-27 10:45:39.727000,0.0,0.0
270,270,56333488,2019-05-27 23:43:58.407,4193.0,2.0,4.0,3.0,0,"[('0', Timestamp('2019-05-27 23:43:58.407000'))]",2019-05-27 23:43:58.407000,2019-05-27 23:43:58.407000,0.0,0.0
271,271,56351578,2019-05-29 00:19:47.070,6167.0,2.0,4.0,1.0,56352011,"[('56352011', Timestamp('2019-05-29 00:19:47.070000'))]",2019-05-29 00:19:47.070000,2019-05-29 00:19:47.070000,0.0,0.0
272,272,56405433,2019-06-01 09:22:43.480,313.0,2.0,0.0,1.0,0,"[('0', Timestamp('2019-06-01 09:22:43.480000'))]",2019-06-01 09:22:43.480000,2019-06-01 09:22:43.480000,0.0,0.0
273,273,56429416,2019-06-03 14:29:49.120,1897.0,0.0,0.0,1.0,0,"[('0', Timestamp('2019-06-03 14:29:49.120000'))]",2019-06-03 14:29:49.120000,2019-06-03 14:29:49.120000,0.0,0.0
274,274,56431031,2019-06-03 16:12:13.787,11818.0,4.0,4.0,4.0,0,"[('0', Timestamp('2019-06-03 16:12:13.787000'))]",2019-06-03 16:12:13.787000,2019-06-03 16:12:13.787000,0.0,0.0
275,275,56460804,2019-06-05 12:48:01.273,374.0,0.0,1.0,2.0,0,"[('0', Timestamp('2019-06-05 12:48:01.273000'))]",2019-06-05 12:48:01.273000,2019-06-05 12:48:01.273000,0.0,0.0
276,276,56462203,2019-06-05 14:08:34.123,2440.0,3.0,1.0,2.0,56463676,"[('56463676', Timestamp('2019-06-05 14:08:34.123000'))]",2019-06-05 14:08:34.123000,2019-06-05 14:08:34.123000,0.0,0.0
277,277,56522484,2019-06-10 07:48:05.327,715.0,0.0,0.0,1.0,0,"[('0', Timestamp('2019-06-10 07:48:05.327000'))]",2019-06-10 07:48:05.327000,2019-06-10 07:48:05.327000,0.0,0.0
278,278,56551144,2019-06-11 20:17:08.187,283.0,0.0,0.0,2.0,56551201,"[('56551201', Timestamp('2019-06-11 20:17:08.187000'))]",2019-06-11 20:17:08.187000,2019-06-11 20:17:08.187000,0.0,0.0
279,279,56645829,2019-06-18 09:23:40.397,1056.0,0.0,1.0,1.0,0,"[('0', Timestamp('2019-06-18 09:23:40.397000'))]",2019-06-18 09:23:40.397000,2019-06-18 09:23:40.397000,0.0,0.0
280,280,56724203,2019-06-23 13:09:47.037,5082.0,0.0,6.0,2.0,56729716,"[('56729716', Timestamp('2019-06-23 13:09:47.037000'))]",2019-06-23 13:09:47.037000,2019-06-23 13:09:47.037000,0.0,0.0
281,281,56973758,2019-07-10 15:12:13.563,652.0,2.0,1.0,1.0,57044760,"[('57044760', Timestamp('2019-07-10 15:12:13.563000'))]",2019-07-10 15:12:13.563000,2019-07-10 15:12:13.563000,0.0,0.0
282,282,57273700,2019-07-30 14:09:30.183,2109.0,2.0,1.0,1.0,0,"[('0', Timestamp('2019-07-30 14:09:30.183000'))]",2019-07-30 14:09:30.183000,2019-07-30 14:09:30.183000,0.0,0.0
283,283,57429114,2019-08-09 11:29:28.070,7035.0,2.0,4.0,2.0,57784322,"[('57784322', Timestamp('2019-08-09 11:29:28.070000'))]",2019-08-09 11:29:28.070000,2019-08-09 11:29:28.070000,0.0,0.0
284,284,57476959,2019-08-13 11:37:17.130,3726.0,4.0,3.0,2.0,57477470,"[('57477470', Timestamp('2019-08-13 11:37:17.130000'))]",2019-08-13 11:37:17.130000,2019-08-13 11:37:17.130000,0.0,0.0
285,285,57496375,2019-08-14 14:08:46.127,801.0,5.0,10.0,1.0,68516377,"[('68516377', Timestamp('2019-08-14 14:08:46.127000'))]",2019-08-14 14:08:46.127000,2019-08-14 14:08:46.127000,0.0,0.0
286,286,57534041,2019-08-17 06:59:58.667,164.0,2.0,0.0,1.0,0,"[('0', Timestamp('2019-08-17 06:59:58.667000'))]",2019-08-17 06:59:58.667000,2019-08-17 06:59:58.667000,0.0,0.0
287,287,57567513,2019-08-20 06:04:27.233,811.0,1.0,2.0,1.0,0,"[('0', Timestamp('2019-08-20 06:04:27.233000'))]",2019-08-20 06:04:27.233000,2019-08-20 06:04:27.233000,0.0,0.0
288,288,57672471,2019-08-27 10:15:29.003,1985.0,12.0,0.0,3.0,57673929,"[('57673929', Timestamp('2019-08-27 10:15:29.003000'))]",2019-08-27 10:15:29.003000,2019-08-27 10:15:29.003000,0.0,0.0
289,289,57878330,2019-09-10 21:18:47.553,9885.0,4.0,12.0,3.0,57906016,"[('57906016', Timestamp('2019-09-10 21:18:47.553000'))]",2019-09-10 21:18:47.553000,2019-09-10 21:18:47.553000,0.0,0.0
290,290,58034581,2019-09-20 20:09:51.487,293.0,1.0,0.0,1.0,0,"[('0', Timestamp('2019-09-20 20:09:51.487000'))]",2019-09-20 20:09:51.487000,2019-09-20 20:09:51.487000,0.0,0.0
291,291,58518120,2019-10-23 07:56:25.467,14741.0,0.0,6.0,3.0,58519651,"[('58519651', Timestamp('2019-10-23 07:56:25.467000'))]",2019-10-23 07:56:25.467000,2019-10-23 07:56:25.467000,0.0,0.0
292,292,58536184,2019-10-24 07:23:49.260,241.0,3.0,-2.0,1.0,0,"[('0', Timestamp('2019-10-24 07:23:49.260000'))]",2019-10-24 07:23:49.260000,2019-10-24 07:23:49.260000,0.0,0.0
293,293,58540369,2019-10-24 11:28:08.067,1130.0,1.0,3.0,2.0,59154075,"[('59154075', Timestamp('2019-10-24 11:28:08.067000'))]",2019-10-24 11:28:08.067000,2019-10-24 11:28:08.067000,0.0,0.0
294,294,58628077,2019-10-30 14:51:59.597,2295.0,1.0,4.0,1.0,58646572,"[('58646572', Timestamp('2019-10-30 14:51:59.597000'))]",2019-10-30 14:51:59.597000,2019-10-30 14:51:59.597000,0.0,0.0
295,295,58684851,2019-11-03 21:38:50.110,496.0,1.0,0.0,2.0,0,"[('0', Timestamp('2019-11-03 21:38:50.110000'))]",2019-11-03 21:38:50.110000,2019-11-03 21:38:50.110000,0.0,0.0
296,296,58724952,2019-11-06 07:20:50.360,8020.0,0.0,4.0,1.0,0,"[('0', Timestamp('2019-11-06 07:20:50.360000'))]",2019-11-06 07:20:50.360000,2019-11-06 07:20:50.360000,0.0,0.0
297,297,58800478,2019-11-11 11:28:15.070,1866.0,1.0,0.0,1.0,0,"[('0', Timestamp('2019-11-11 11:28:15.070000'))]",2019-11-11 11:28:15.070000,2019-11-11 11:28:15.070000,0.0,0.0
298,298,58912502,2019-11-18 10:29:27.813,217.0,0.0,0.0,1.0,0,"[('0', Timestamp('2019-11-18 10:29:27.813000'))]",2019-11-18 10:29:27.813000,2019-11-18 10:29:27.813000,0.0,0.0
299,299,58985140,2019-11-21 23:13:16.850,267.0,0.0,-1.0,1.0,59109091,"[('59109091', Timestamp('2019-11-21 23:13:16.850000'))]",2019-11-21 23:13:16.850000,2019-11-21 23:13:16.850000,0.0,0.0
300,300,59089399,2019-11-28 12:54:28.073,715.0,0.0,1.0,2.0,0,"[('0', Timestamp('2019-11-28 12:54:28.073000'))]",2019-11-28 12:54:28.073000,2019-11-28 12:54:28.073000,0.0,0.0
301,301,59123075,2019-12-01 06:23:06.423,787.0,0.0,0.0,2.0,0,"[('0', Timestamp('2019-12-01 06:23:06.423000'))]",2019-12-01 06:23:06.423000,2019-12-01 06:23:06.423000,0.0,0.0
302,302,59124615,2019-12-01 10:23:25.803,668.0,0.0,0.0,2.0,59124934,"[('59124934', Timestamp('2019-12-01 10:23:25.803000'))]",2019-12-01 10:23:25.803000,2019-12-01 10:23:25.803000,0.0,0.0
303,303,59338965,2019-12-14 20:39:44.037,1762.0,2.0,0.0,1.0,59339859,"[('59339859', Timestamp('2019-12-14 20:39:44.037000'))]",2019-12-14 20:39:44.037000,2019-12-14 20:39:44.037000,0.0,0.0
304,304,59429856,2019-12-20 18:29:33.480,2330.0,0.0,2.0,2.0,0,"[('0', Timestamp('2019-12-20 18:29:33.480000'))]",2019-12-20 18:29:33.480000,2019-12-20 18:29:33.480000,0.0,0.0
305,305,59444027,2019-12-22 12:03:34.737,747.0,3.0,1.0,1.0,59444756,"[('59444756', Timestamp('2019-12-22 12:03:34.737000'))]",2019-12-22 12:03:34.737000,2019-12-22 12:03:34.737000,0.0,0.0
306,306,59481956,2019-12-25 21:27:20.823,76.0,1.0,0.0,1.0,59482003,"[('59482003', Timestamp('2019-12-25 21:27:20.823000'))]",2019-12-25 21:27:20.823000,2019-12-25 21:27:20.823000,0.0,0.0
307,307,59508424,2019-12-28 05:36:25.837,152.0,1.0,-1.0,1.0,0,"[('0', Timestamp('2019-12-28 05:36:25.837000'))]",2019-12-28 05:36:25.837000,2019-12-28 05:36:25.837000,0.0,0.0
308,308,59729867,2020-01-14 08:20:59.490,54.0,6.0,2.0,1.0,59730236,"[('59730236', Timestamp('2020-01-14 08:20:59.490000'))]",2020-01-14 08:20:59.490000,2020-01-14 08:20:59.490000,0.0,0.0
309,309,59809534,2020-01-19 11:21:27.397,400.0,1.0,0.0,1.0,0,"[('0', Timestamp('2020-01-19 11:21:27.397000'))]",2020-01-19 11:21:27.397000,2020-01-19 11:21:27.397000,0.0,0.0
310,310,59900538,2020-01-24 16:40:06.557,12419.0,1.0,22.0,5.0,0,"[('0', Timestamp('2020-01-24 16:40:06.557000'))]",2020-01-24 16:40:06.557000,2020-01-24 16:40:06.557000,0.0,0.0
311,311,60032000,2020-02-03 00:55:21.927,297.0,0.0,-1.0,1.0,60032048,"[('60032048', Timestamp('2020-02-03 00:55:21.927000'))]",2020-02-03 00:55:21.927000,2020-02-03 00:55:21.927000,0.0,0.0
312,312,60168205,2020-02-11 11:51:51.593,1111.0,4.0,9.0,2.0,0,"[('0', Timestamp('2020-02-11 11:51:51.593000'))]",2020-02-11 11:51:51.593000,2020-02-11 11:51:51.593000,0.0,0.0
313,313,60195942,2020-02-12 19:55:03.733,2423.0,2.0,1.0,2.0,0,"[('0', Timestamp('2020-02-12 19:55:03.733000'))]",2020-02-12 19:55:03.733000,2020-02-12 19:55:03.733000,0.0,0.0
314,314,60300724,2020-02-19 12:46:57.867,1328.0,2.0,1.0,1.0,0,"[('0', Timestamp('2020-02-19 12:46:57.867000'))]",2020-02-19 12:46:57.867000,2020-02-19 12:46:57.867000,0.0,0.0
315,315,60318121,2020-02-20 10:44:54.077,237.0,0.0,0.0,1.0,0,"[('0', Timestamp('2020-02-20 10:44:54.077000'))]",2020-02-20 10:44:54.077000,2020-02-20 10:44:54.077000,0.0,0.0
316,316,60333509,2020-02-21 06:53:51.833,2715.0,4.0,2.0,2.0,60369151,"[('60369151', Timestamp('2020-02-21 06:53:51.833000'))]",2020-02-21 06:53:51.833000,2020-02-21 06:53:51.833000,0.0,0.0
317,317,60654346,2020-03-12 12:41:09.660,802.0,1.0,0.0,1.0,0,"[('0', Timestamp('2020-03-12 12:41:09.660000'))]",2020-03-12 12:41:09.660000,2020-03-12 12:41:09.660000,0.0,0.0
318,318,60736036,2020-03-18 08:43:24.220,53.0,0.0,0.0,1.0,60740954,"[('60740954', Timestamp('2020-03-18 08:43:24.220000'))]",2020-03-18 08:43:24.220000,2020-03-18 08:43:24.220000,0.0,0.0
319,319,60762742,2020-03-19 18:02:08.740,838.0,0.0,1.0,1.0,60763269,"[('60763269', Timestamp('2020-03-19 18:02:08.740000'))]",2020-03-19 18:02:08.740000,2020-03-19 18:02:08.740000,0.0,0.0
320,320,60764135,2020-03-19 19:51:12.963,224.0,0.0,1.0,1.0,60766419,"[('60766419', Timestamp('2020-03-19 19:51:12.963000'))]",2020-03-19 19:51:12.963000,2020-03-19 19:51:12.963000,0.0,0.0
321,321,60916925,2020-03-29 15:57:36.450,549.0,0.0,0.0,1.0,60917633,"[('60917633', Timestamp('2020-03-29 15:57:36.450000'))]",2020-03-29 15:57:36.450000,2020-03-29 15:57:36.450000,0.0,0.0
322,322,60966575,2020-04-01 08:29:20.677,432.0,2.0,0.0,1.0,0,"[('0', Timestamp('2020-04-01 08:29:20.677000'))]",2020-04-01 08:29:20.677000,2020-04-01 08:29:20.677000,0.0,0.0
323,323,61027147,2020-04-04 11:07:17.607,784.0,0.0,2.0,1.0,0,"[('0', Timestamp('2020-04-04 11:07:17.607000'))]",2020-04-04 11:07:17.607000,2020-04-04 11:07:17.607000,0.0,0.0
324,324,61116589,2020-04-09 08:06:49.353,344.0,4.0,1.0,1.0,0,"[('0', Timestamp('2020-04-09 08:06:49.353000'))]",2020-04-09 08:06:49.353000,2020-04-09 08:06:49.353000,0.0,0.0
325,325,61296205,2020-04-18 21:03:18.053,1014.0,0.0,2.0,1.0,61299242,"[('61299242', Timestamp('2020-04-18 21:03:18.053000'))]",2020-04-18 21:03:18.053000,2020-04-18 21:03:18.053000,0.0,0.0
326,326,61606913,2020-05-05 06:19:24.567,1012.0,0.0,0.0,2.0,0,"[('0', Timestamp('2020-05-05 06:19:24.567000'))]",2020-05-05 06:19:24.567000,2020-05-05 06:19:24.567000,0.0,0.0
327,327,61638918,2020-05-06 15:21:42.190,1505.0,4.0,5.0,1.0,0,"[('0', Timestamp('2020-05-06 15:21:42.190000'))]",2020-05-06 15:21:42.190000,2020-05-06 15:21:42.190000,0.0,0.0
328,328,61727091,2020-05-11 10:04:37.623,163.0,0.0,1.0,1.0,61733026,"[('61733026', Timestamp('2020-05-11 10:04:37.623000'))]",2020-05-11 10:04:37.623000,2020-05-11 10:04:37.623000,0.0,0.0
329,329,61935310,2020-05-21 13:11:25.617,63.0,0.0,1.0,1.0,61935483,"[('61935483', Timestamp('2020-05-21 13:11:25.617000'))]",2020-05-21 13:11:25.617000,2020-05-21 13:11:25.617000,0.0,0.0
330,330,62027414,2020-05-26 16:55:57.367,511.0,0.0,0.0,1.0,0,"[('0', Timestamp('2020-05-26 16:55:57.367000'))]",2020-05-26 16:55:57.367000,2020-05-26 16:55:57.367000,0.0,0.0
331,331,62030967,2020-05-26 20:35:01.820,8328.0,4.0,10.0,3.0,63375806,"[('63375806', Timestamp('2020-05-26 20:35:01.820000'))]",2020-05-26 20:35:01.820000,2020-05-26 20:35:01.820000,0.0,0.0
332,332,62290549,2020-06-09 19:37:32.933,244.0,2.0,1.0,1.0,65064722,"[('65064722', Timestamp('2020-06-09 19:37:32.933000'))]",2020-06-09 19:37:32.933000,2020-06-09 19:37:32.933000,0.0,0.0
333,333,62387316,2020-06-15 11:33:31.130,77.0,3.0,0.0,1.0,62388052,"[('62388052', Timestamp('2020-06-15 11:33:31.130000'))]",2020-06-15 11:33:31.130000,2020-06-15 11:33:31.130000,0.0,0.0
334,334,62392440,2020-06-15 16:13:56.007,270.0,0.0,1.0,1.0,0,"[('0', Timestamp('2020-06-15 16:13:56.007000'))]",2020-06-15 16:13:56.007000,2020-06-15 16:13:56.007000,0.0,0.0
335,335,62725046,2020-07-04 03:44:42.583,158.0,0.0,0.0,1.0,0,"[('0', Timestamp('2020-07-04 03:44:42.583000'))]",2020-07-04 03:44:42.583000,2020-07-04 03:44:42.583000,0.0,0.0
336,336,62858964,2020-07-12 08:44:14.943,4817.0,1.0,0.0,2.0,0,"[('0', Timestamp('2020-07-12 08:44:14.943000'))]",2020-07-12 08:44:14.943000,2020-07-12 08:44:14.943000,0.0,0.0
337,337,63273991,2020-08-05 21:48:03.760,317.0,1.0,0.0,1.0,63274924,"[('63274924', Timestamp('2020-08-05 21:48:03.760000'))]",2020-08-05 21:48:03.760000,2020-08-05 21:48:03.760000,0.0,0.0
338,338,63655361,2020-08-30 08:14:09.597,11704.0,1.0,4.0,2.0,63657219,"[('63657219', Timestamp('2020-08-30 08:14:09.597000'))]",2020-08-30 08:14:09.597000,2020-08-30 08:14:09.597000,0.0,0.0
339,339,64001391,2020-09-22 00:08:13.097,54.0,0.0,0.0,1.0,0,"[('0', Timestamp('2020-09-22 00:08:13.097000'))]",2020-09-22 00:08:13.097000,2020-09-22 00:08:13.097000,0.0,0.0
340,340,64036350,2020-09-23 21:15:59.507,64.0,0.0,-1.0,2.0,0,"[('0', Timestamp('2020-09-23 21:15:59.507000'))]",2020-09-23 21:15:59.507000,2020-09-23 21:15:59.507000,0.0,0.0
341,341,64108982,2020-09-28 20:09:47.797,5088.0,5.0,6.0,1.0,0,"[('0', Timestamp('2020-09-28 20:09:47.797000'))]",2020-09-28 20:09:47.797000,2020-09-28 20:09:47.797000,0.0,0.0
342,342,64176479,2020-10-02 18:19:38.897,168.0,0.0,0.0,1.0,0,"[('0', Timestamp('2020-10-02 18:19:38.897000'))]",2020-10-02 18:19:38.897000,2020-10-02 18:19:38.897000,0.0,0.0
343,343,64181618,2020-10-03 07:05:52.430,1067.0,4.0,6.0,1.0,64186462,"[('64186462', Timestamp('2020-10-03 07:05:52.430000'))]",2020-10-03 07:05:52.430000,2020-10-03 07:05:52.430000,0.0,0.0
344,344,64330699,2020-10-13 07:38:20.377,2345.0,1.0,0.0,2.0,0,"[('0', Timestamp('2020-10-13 07:38:20.377000'))]",2020-10-13 07:38:20.377000,2020-10-13 07:38:20.377000,0.0,0.0
345,345,64529169,2020-10-25 21:47:28.113,227.0,1.0,0.0,1.0,0,"[('0', Timestamp('2020-10-25 21:47:28.113000'))]",2020-10-25 21:47:28.113000,2020-10-25 21:47:28.113000,0.0,0.0
346,346,64555478,2020-10-27 13:26:22.087,2812.0,1.0,1.0,1.0,0,"[('0', Timestamp('2020-10-27 13:26:22.087000'))]",2020-10-27 13:26:22.087000,2020-10-27 13:26:22.087000,0.0,0.0
347,347,64604154,2020-10-30 07:24:16.980,6649.0,3.0,2.0,1.0,0,"[('0', Timestamp('2020-10-30 07:24:16.980000'))]",2020-10-30 07:24:16.980000,2020-10-30 07:24:16.980000,0.0,0.0
348,348,64615923,2020-10-30 21:18:19.367,402.0,4.0,1.0,1.0,0,"[('0', Timestamp('2020-10-30 21:18:19.367000'))]",2020-10-30 21:18:19.367000,2020-10-30 21:18:19.367000,0.0,0.0
349,349,64933974,2020-11-20 17:21:07.127,198.0,0.0,0.0,1.0,66308477,"[('66308477', Timestamp('2020-11-20 17:21:07.127000'))]",2020-11-20 17:21:07.127000,2020-11-20 17:21:07.127000,0.0,0.0
350,350,65183434,2020-12-07 14:18:12.223,413.0,0.0,2.0,1.0,0,"[('0', Timestamp('2020-12-07 14:18:12.223000'))]",2020-12-07 14:18:12.223000,2020-12-07 14:18:12.223000,0.0,0.0
351,351,65198230,2020-12-08 11:39:55.970,316.0,4.0,0.0,1.0,0,"[('0', Timestamp('2020-12-08 11:39:55.970000'))]",2020-12-08 11:39:55.970000,2020-12-08 11:39:55.970000,0.0,0.0
352,352,65198437,2020-12-08 11:54:45.527,675.0,2.0,0.0,1.0,65199752,"[('65199752', Timestamp('2020-12-08 11:54:45.527000'))]",2020-12-08 11:54:45.527000,2020-12-08 11:54:45.527000,0.0,0.0
353,353,65210089,2020-12-09 03:10:15.850,123.0,1.0,0.0,1.0,0,"[('0', Timestamp('2020-12-09 03:10:15.850000'))]",2020-12-09 03:10:15.850000,2020-12-09 03:10:15.850000,0.0,0.0
354,354,65260028,2020-12-11 23:34:03.463,1895.0,2.0,9.0,1.0,0,"[('0', Timestamp('2020-12-11 23:34:03.463000'))]",2020-12-11 23:34:03.463000,2020-12-11 23:34:03.463000,0.0,0.0
355,355,65347235,2020-12-17 19:36:59.643,644.0,4.0,3.0,1.0,0,"[('0', Timestamp('2020-12-17 19:36:59.643000'))]",2020-12-17 19:36:59.643000,2020-12-17 19:36:59.643000,0.0,0.0
356,356,65351704,2020-12-18 04:11:17.450,55.0,0.0,0.0,1.0,0,"[('0', Timestamp('2020-12-18 04:11:17.450000'))]",2020-12-18 04:11:17.450000,2020-12-18 04:11:17.450000,0.0,0.0
357,357,65499737,2020-12-29 22:41:44.177,585.0,6.0,4.0,1.0,73264030,"[('73264030', Timestamp('2020-12-29 22:41:44.177000'))]",2020-12-29 22:41:44.177000,2020-12-29 22:41:44.177000,0.0,0.0
358,358,65667279,2021-01-11 12:55:47.087,65.0,0.0,-1.0,1.0,0,"[('0', Timestamp('2021-01-11 12:55:47.087000'))]",2021-01-11 12:55:47.087000,2021-01-11 12:55:47.087000,0.0,0.0
359,359,65846605,2021-01-22 14:01:13.723,161.0,0.0,0.0,1.0,0,"[('0', Timestamp('2021-01-22 14:01:13.723000'))]",2021-01-22 14:01:13.723000,2021-01-22 14:01:13.723000,0.0,0.0
360,360,65919352,2021-01-27 12:37:39.587,1915.0,0.0,9.0,1.0,0,"[('0', Timestamp('2021-01-27 12:37:39.587000'))]",2021-01-27 12:37:39.587000,2021-01-27 12:37:39.587000,0.0,0.0
361,361,65974454,2021-01-31 00:06:36.250,1539.0,0.0,2.0,1.0,0,"[('0', Timestamp('2021-01-31 00:06:36.250000'))]",2021-01-31 00:06:36.250000,2021-01-31 00:06:36.250000,0.0,0.0
362,362,66023133,2021-02-03 07:40:37.267,848.0,0.0,0.0,1.0,0,"[('0', Timestamp('2021-02-03 07:40:37.267000'))]",2021-02-03 07:40:37.267000,2021-02-03 07:40:37.267000,0.0,0.0
363,363,66194022,2021-02-14 09:27:19.497,1206.0,0.0,1.0,1.0,0,"[('0', Timestamp('2021-02-14 09:27:19.497000'))]",2021-02-14 09:27:19.497000,2021-02-14 09:27:19.497000,0.0,0.0
364,364,66284089,2021-02-19 19:45:44.613,843.0,3.0,3.0,1.0,0,"[('0', Timestamp('2021-02-19 19:45:44.613000'))]",2021-02-19 19:45:44.613000,2021-02-19 19:45:44.613000,0.0,0.0
365,365,66399038,2021-02-27 12:56:46.923,458.0,0.0,0.0,1.0,0,"[('0', Timestamp('2021-02-27 12:56:46.923000'))]",2021-02-27 12:56:46.923000,2021-02-27 12:56:46.923000,0.0,0.0
366,366,66476290,2021-03-04 13:43:32.097,902.0,0.0,0.0,1.0,66476380,"[('66476380', Timestamp('2021-03-04 13:43:32.097000'))]",2021-03-04 13:43:32.097000,2021-03-04 13:43:32.097000,0.0,0.0
367,367,66486715,2021-03-05 04:20:54.500,279.0,2.0,-2.0,1.0,0,"[('0', Timestamp('2021-03-05 04:20:54.500000'))]",2021-03-05 04:20:54.500000,2021-03-05 04:20:54.500000,0.0,0.0
368,368,66643123,2021-03-15 17:57:08.443,39.0,0.0,0.0,2.0,0,"[('0', Timestamp('2021-03-15 17:57:08.443000'))]",2021-03-15 17:57:08.443000,2021-03-15 17:57:08.443000,0.0,0.0
369,369,66940621,2021-04-04 11:10:37.563,1289.0,0.0,1.0,1.0,0,"[('0', Timestamp('2021-04-04 11:10:37.563000'))]",2021-04-04 11:10:37.563000,2021-04-04 11:10:37.563000,0.0,0.0
370,370,66981095,2021-04-07 07:04:26.623,3233.0,1.0,1.0,1.0,0,"[('0', Timestamp('2021-04-07 07:04:26.623000'))]",2021-04-07 07:04:26.623000,2021-04-07 07:04:26.623000,0.0,0.0
371,371,67041736,2021-04-11 05:25:12.970,202.0,0.0,0.0,1.0,0,"[('0', Timestamp('2021-04-11 05:25:12.970000'))]",2021-04-11 05:25:12.970000,2021-04-11 05:25:12.970000,0.0,0.0
372,372,67287426,2021-04-27 16:54:31.487,436.0,4.0,0.0,1.0,67294028,"[('67294028', Timestamp('2021-04-27 16:54:31.487000'))]",2021-04-27 16:54:31.487000,2021-04-27 16:54:31.487000,0.0,0.0
373,373,67497078,2021-05-12 03:45:52.170,321.0,9.0,0.0,1.0,0,"[('0', Timestamp('2021-05-12 03:45:52.170000'))]",2021-05-12 03:45:52.170000,2021-05-12 03:45:52.170000,0.0,0.0
374,374,67700268,2021-05-26 07:21:04.093,232.0,2.0,1.0,1.0,67716731,"[('67716731', Timestamp('2021-05-26 07:21:04.093000'))]",2021-05-26 07:21:04.093000,2021-05-26 07:21:04.093000,0.0,0.0
375,375,68124062,2021-06-25 00:25:05.753,1244.0,1.0,1.0,1.0,0,"[('0', Timestamp('2021-06-25 00:25:05.753000'))]",2021-06-25 00:25:05.753000,2021-06-25 00:25:05.753000,0.0,0.0
376,376,68231774,2021-07-02 22:21:29.747,151.0,0.0,0.0,1.0,68760324,"[('68760324', Timestamp('2021-07-02 22:21:29.747000'))]",2021-07-02 22:21:29.747000,2021-07-02 22:21:29.747000,0.0,0.0
377,377,68300025,2021-07-08 10:37:22.870,404.0,0.0,0.0,1.0,68304832,"[('68304832', Timestamp('2021-07-08 10:37:22.870000'))]",2021-07-08 10:37:22.870000,2021-07-08 10:37:22.870000,0.0,0.0
378,378,68326819,2021-07-10 10:23:03.437,5959.0,1.0,7.0,1.0,0,"[('0', Timestamp('2021-07-10 10:23:03.437000'))]",2021-07-10 10:23:03.437000,2021-07-10 10:23:03.437000,0.0,0.0
379,379,68338794,2021-07-11 18:00:56.483,2641.0,1.0,0.0,1.0,0,"[('0', Timestamp('2021-07-11 18:00:56.483000'))]",2021-07-11 18:00:56.483000,2021-07-11 18:00:56.483000,0.0,0.0
380,380,68382322,2021-07-14 17:00:41.527,4079.0,1.0,0.0,2.0,68382584,"[('68382584', Timestamp('2021-07-14 17:00:41.527000'))]",2021-07-14 17:00:41.527000,2021-07-14 17:00:41.527000,0.0,0.0
381,381,68584583,2021-07-30 01:57:22.223,283.0,0.0,0.0,1.0,0,"[('0', Timestamp('2021-07-30 01:57:22.223000'))]",2021-07-30 01:57:22.223000,2021-07-30 01:57:22.223000,0.0,0.0
382,382,68591172,2021-07-30 12:44:00.583,169.0,0.0,0.0,1.0,0,"[('0', Timestamp('2021-07-30 12:44:00.583000'))]",2021-07-30 12:44:00.583000,2021-07-30 12:44:00.583000,0.0,0.0
383,383,68716056,2021-08-09 17:13:40.903,1597.0,0.0,5.0,2.0,68717016,"[('68717016', Timestamp('2021-08-09 17:13:40.903000'))]",2021-08-09 17:13:40.903000,2021-08-09 17:13:40.903000,0.0,0.0
384,384,68809914,2021-08-16 22:40:54.853,729.0,0.0,1.0,1.0,68812289,"[('68812289', Timestamp('2021-08-16 22:40:54.853000'))]",2021-08-16 22:40:54.853000,2021-08-16 22:40:54.853000,0.0,0.0
385,385,68830777,2021-08-18 10:36:34.313,1388.0,0.0,0.0,2.0,0,"[('0', Timestamp('2021-08-18 10:36:34.313000'))]",2021-08-18 10:36:34.313000,2021-08-18 10:36:34.313000,0.0,0.0
386,386,68978395,2021-08-30 02:28:07.100,734.0,6.0,3.0,2.0,71377314,"[('71377314', Timestamp('2021-08-30 02:28:07.100000'))]",2021-08-30 02:28:07.100000,2021-08-30 02:28:07.100000,0.0,0.0
387,387,68996842,2021-08-31 10:12:27.083,834.0,0.0,2.0,1.0,0,"[('0', Timestamp('2021-08-31 10:12:27.083000'))]",2021-08-31 10:12:27.083000,2021-08-31 10:12:27.083000,0.0,0.0
388,388,69130486,2021-09-10 09:55:31.027,1175.0,3.0,3.0,1.0,69131243,"[('69131243', Timestamp('2021-09-10 09:55:31.027000'))]",2021-09-10 09:55:31.027000,2021-09-10 09:55:31.027000,0.0,0.0
389,389,69336773,2021-09-26 16:21:02.170,863.0,0.0,1.0,2.0,70973900,"[('70973900', Timestamp('2021-09-26 16:21:02.170000'))]",2021-09-26 16:21:02.170000,2021-09-26 16:21:02.170000,0.0,0.0
390,390,69401284,2021-10-01 06:14:05.107,413.0,0.0,2.0,2.0,0,"[('0', Timestamp('2021-10-01 06:14:05.107000'))]",2021-10-01 06:14:05.107000,2021-10-01 06:14:05.107000,0.0,0.0
391,391,69622295,2021-10-18 20:36:47.253,719.0,0.0,2.0,1.0,0,"[('0', Timestamp('2021-10-18 20:36:47.253000'))]",2021-10-18 20:36:47.253000,2021-10-18 20:36:47.253000,0.0,0.0
392,392,69749401,2021-10-28 06:46:47.960,119.0,0.0,0.0,1.0,69749683,"[('69749683', Timestamp('2021-10-28 06:46:47.960000'))]",2021-10-28 06:46:47.960000,2021-10-28 06:46:47.960000,0.0,0.0
393,393,70019295,2021-11-18 11:46:22.200,190.0,2.0,0.0,1.0,0,"[('0', Timestamp('2021-11-18 11:46:22.200000'))]",2021-11-18 11:46:22.200000,2021-11-18 11:46:22.200000,0.0,0.0
394,394,70089451,2021-11-24 00:33:16.123,6664.0,2.0,9.0,2.0,70089629,"[('70089629', Timestamp('2021-11-24 00:33:16.123000'))]",2021-11-24 00:33:16.123000,2021-11-24 00:33:16.123000,0.0,0.0
395,395,70138603,2021-11-27 20:50:11.853,1184.0,0.0,0.0,1.0,70138638,"[('70138638', Timestamp('2021-11-27 20:50:11.853000'))]",2021-11-27 20:50:11.853000,2021-11-27 20:50:11.853000,0.0,0.0
396,396,70268765,2021-12-08 01:06:51.473,75.0,4.0,0.0,1.0,0,"[('0', Timestamp('2021-12-08 01:06:51.473000'))]",2021-12-08 01:06:51.473000,2021-12-08 01:06:51.473000,0.0,0.0
397,397,70345792,2021-12-14 08:25:53.507,134.0,1.0,-1.0,2.0,0,"[('0', Timestamp('2021-12-14 08:25:53.507000'))]",2021-12-14 08:25:53.507000,2021-12-14 08:25:53.507000,0.0,0.0
398,398,70486842,2021-12-26 13:32:17.670,764.0,0.0,2.0,1.0,0,"[('0', Timestamp('2021-12-26 13:32:17.670000'))]",2021-12-26 13:32:17.670000,2021-12-26 13:32:17.670000,0.0,0.0
399,399,70559396,2022-01-02 20:10:47.007,9261.0,7.0,7.0,3.0,0,"[('0', Timestamp('2022-01-02 20:10:47.007000'))]",2022-01-02 20:10:47.007000,2022-01-02 20:10:47.007000,0.0,0.0
400,400,70589603,2022-01-05 08:10:16.317,2208.0,9.0,4.0,1.0,70699646,"[('70699646', Timestamp('2022-01-05 08:10:16.317000'))]",2022-01-05 08:10:16.317000,2022-01-05 08:10:16.317000,0.0,0.0
401,401,70969794,2022-02-03 10:39:27.063,9437.0,2.0,8.0,2.0,71062106,"[('71062106', Timestamp('2022-02-03 10:39:27.063000'))]",2022-02-03 10:39:27.063000,2022-02-03 10:39:27.063000,0.0,0.0
402,402,71180848,2022-02-18 23:08:55.423,378.0,0.0,0.0,1.0,0,"[('0', Timestamp('2022-02-18 23:08:55.423000'))]",2022-02-18 23:08:55.423000,2022-02-18 23:08:55.423000,0.0,0.0
403,403,71291543,2022-02-28 07:02:59.700,1332.0,0.0,0.0,1.0,0,"[('0', Timestamp('2022-02-28 07:02:59.700000'))]",2022-02-28 07:02:59.700000,2022-02-28 07:02:59.700000,0.0,0.0
404,404,71528097,2022-03-18 13:53:38.283,2501.0,2.0,1.0,1.0,0,"[('0', Timestamp('2022-03-18 13:53:38.283000'))]",2022-03-18 13:53:38.283000,2022-03-18 13:53:38.283000,0.0,0.0
405,405,71608151,2022-03-24 19:08:34.473,13847.0,0.0,4.0,1.0,71608241,"[('71608241', Timestamp('2022-03-24 19:08:34.473000'))]",2022-03-24 19:08:34.473000,2022-03-24 19:08:34.473000,0.0,0.0
406,406,71737443,2022-04-04 12:43:09.090,84.0,1.0,1.0,1.0,0,"[('0', Timestamp('2022-04-04 12:43:09.090000'))]",2022-04-04 12:43:09.090000,2022-04-04 12:43:09.090000,0.0,0.0
407,407,72273513,2022-05-17 11:48:16.297,1310.0,1.0,1.0,1.0,0,"[('0', Timestamp('2022-05-17 11:48:16.297000'))]",2022-05-17 11:48:16.297000,2022-05-17 11:48:16.297000,0.0,0.0
408,408,72353581,2022-05-23 18:56:52.633,361.0,0.0,0.0,1.0,72359622,"[('72359622', Timestamp('2022-05-23 18:56:52.633000'))]",2022-05-23 18:56:52.633000,2022-05-23 18:56:52.633000,0.0,0.0
409,409,72431642,2022-05-30 08:54:26.363,854.0,0.0,1.0,3.0,72441834,"[('72441834', Timestamp('2022-05-30 08:54:26.363000'))]",2022-05-30 08:54:26.363000,2022-05-30 08:54:26.363000,0.0,0.0
410,410,72682430,2022-06-20 05:07:36.020,1002.0,3.0,0.0,2.0,0,"[('0', Timestamp('2022-06-20 05:07:36.020000'))]",2022-06-20 05:07:36.020000,2022-06-20 05:07:36.020000,0.0,0.0
411,411,72769365,2022-06-27 08:51:44.487,1249.0,0.0,0.0,1.0,0,"[('0', Timestamp('2022-06-27 08:51:44.487000'))]",2022-06-27 08:51:44.487000,2022-06-27 08:51:44.487000,0.0,0.0
412,412,72913303,2022-07-08 14:57:30.100,10238.0,1.0,6.0,2.0,72913404,"[('72913404', Timestamp('2022-07-08 14:57:30.100000'))]",2022-07-08 14:57:30.100000,2022-07-08 14:57:30.100000,0.0,0.0
413,413,73178953,2022-07-30 20:48:30.640,1249.0,1.0,0.0,1.0,73179273,"[('73179273', Timestamp('2022-07-30 20:48:30.640000'))]",2022-07-30 20:48:30.640000,2022-07-30 20:48:30.640000,0.0,0.0
414,414,73522146,2022-08-28 20:45:42.860,2194.0,7.0,0.0,1.0,0,"[('0', Timestamp('2022-08-28 20:45:42.860000'))]",2022-08-28 20:45:42.860000,2022-08-28 20:45:42.860000,0.0,0.0
415,415,73945072,2022-10-04 08:30:17.110,487.0,0.0,0.0,1.0,0,"[('0', Timestamp('2022-10-04 08:30:17.110000'))]",2022-10-04 08:30:17.110000,2022-10-04 08:30:17.110000,0.0,0.0
416,416,74138621,2022-10-20 10:49:53.783,69.0,0.0,0.0,1.0,0,"[('0', Timestamp('2022-10-20 10:49:53.783000'))]",2022-10-20 10:49:53.783000,2022-10-20 10:49:53.783000,0.0,0.0
417,417,74593727,2022-11-27 20:54:00.987,195.0,0.0,0.0,2.0,0,"[('0', Timestamp('2022-11-27 20:54:00.987000'))]",2022-11-27 20:54:00.987000,2022-11-27 20:54:00.987000,0.0,0.0
418,418,74831963,2022-12-17 05:18:33.720,2066.0,1.0,0.0,1.0,0,"[('0', Timestamp('2022-12-17 05:18:33.720000'))]",2022-12-17 05:18:33.720000,2022-12-17 05:18:33.720000,0.0,0.0
419,419,75194224,2023-01-21 14:55:15.773,296.0,0.0,1.0,1.0,75199783,"[('75199783', Timestamp('2023-01-21 14:55:15.773000'))]",2023-01-21 14:55:15.773000,2023-01-21 14:55:15.773000,0.0,0.0
420,420,75196631,2023-01-21 21:19:24.407,174.0,4.0,0.0,1.0,75197160,"[('75197160', Timestamp('2023-01-21 21:19:24.407000'))]",2023-01-21 21:19:24.407000,2023-01-21 21:19:24.407000,0.0,0.0
421,421,75203570,2023-01-22 20:11:50.043,1159.0,0.0,1.0,3.0,0,"[('0', Timestamp('2023-01-22 20:11:50.043000'))]",2023-01-22 20:11:50.043000,2023-01-22 20:11:50.043000,0.0,0.0
422,422,75208175,2023-01-23 10:27:04.620,254.0,1.0,0.0,1.0,0,"[('0', Timestamp('2023-01-23 10:27:04.620000'))]",2023-01-23 10:27:04.620000,2023-01-23 10:27:04.620000,0.0,0.0
423,423,75294032,2023-01-31 07:45:10.593,449.0,0.0,0.0,1.0,0,"[('0', Timestamp('2023-01-31 07:45:10.593000'))]",2023-01-31 07:45:10.593000,2023-01-31 07:45:10.593000,0.0,0.0
424,424,75470483,2023-02-16 09:51:12.083,528.0,1.0,0.0,2.0,0,"[('0', Timestamp('2023-02-16 09:51:12.083000'))]",2023-02-16 09:51:12.083000,2023-02-16 09:51:12.083000,0.0,0.0
425,425,75487238,2023-02-17 17:03:53.910,365.0,0.0,2.0,1.0,75495289,"[('75495289', Timestamp('2023-02-17 17:03:53.910000'))]",2023-02-17 17:03:53.910000,2023-02-17 17:03:53.910000,0.0,0.0
426,426,75730556,2023-03-14 08:17:56.417,378.0,6.0,0.0,1.0,75740923,"[('75740923', Timestamp('2023-03-14 08:17:56.417000'))]",2023-03-14 08:17:56.417000,2023-03-14 08:17:56.417000,0.0,0.0
427,427,75773911,2023-03-18 04:45:54.243,50.0,0.0,1.0,1.0,0,"[('0', Timestamp('2023-03-18 04:45:54.243000'))]",2023-03-18 04:45:54.243000,2023-03-18 04:45:54.243000,0.0,0.0
428,428,75793442,2023-03-20 17:24:54.280,542.0,0.0,0.0,1.0,0,"[('0', Timestamp('2023-03-20 17:24:54.280000'))]",2023-03-20 17:24:54.280000,2023-03-20 17:24:54.280000,0.0,0.0
429,429,76119395,2023-04-27 10:31:55.087,316.0,1.0,0.0,1.0,0,"[('0', Timestamp('2023-04-27 10:31:55.087000'))]",2023-04-27 10:31:55.087000,2023-04-27 10:31:55.087000,0.0,0.0
430,430,76156004,2023-05-02 14:37:15.233,558.0,3.0,2.0,1.0,0,"[('0', Timestamp('2023-05-02 14:37:15.233000'))]",2023-05-02 14:37:15.233000,2023-05-02 14:37:15.233000,0.0,0.0
431,431,76172867,2023-05-04 11:51:49.087,34.0,0.0,0.0,1.0,0,"[('0', Timestamp('2023-05-04 11:51:49.087000'))]",2023-05-04 11:51:49.087000,2023-05-04 11:51:49.087000,0.0,0.0
432,432,76506144,2023-06-19 11:23:21.043,21.0,0.0,0.0,1.0,76507031,"[('76507031', Timestamp('2023-06-19 11:23:21.043000'))]",2023-06-19 11:23:21.043000,2023-06-19 11:23:21.043000,0.0,0.0
433,433,76552268,2023-06-25 20:23:29.127,120.0,0.0,-3.0,1.0,0,"[('0', Timestamp('2023-06-25 20:23:29.127000'))]",2023-06-25 20:23:29.127000,2023-06-25 20:23:29.127000,0.0,0.0
434,434,76679755,2023-07-13 13:11:26.497,146.0,1.0,0.0,1.0,76679785,"[('76679785', Timestamp('2023-07-13 13:11:26.497000'))]",2023-07-13 13:11:26.497000,2023-07-13 13:11:26.497000,0.0,0.0
435,435,76718920,2023-07-19 07:33:35.387,152.0,0.0,1.0,1.0,0,"[('0', Timestamp('2023-07-19 07:33:35.387000'))]",2023-07-19 07:33:35.387000,2023-07-19 07:33:35.387000,0.0,0.0
436,436,77373475,2023-10-27 10:37:24.563,43.0,0.0,0.0,1.0,0,"[('0', Timestamp('2023-10-27 10:37:24.563000'))]",2023-10-27 10:37:24.563000,2023-10-27 10:37:24.563000,0.0,0.0
